FACTSET_ENTITY_ID,gvkey,conm,naics,loc
000C9Q-E,175689,ARMSTRONG WORLD INDUSTRIES,327993,USA
000HJP-E,160785,PURSUIT ATTRC AND HSPTLY INC,721,USA
000HSZ-E,139665,MOODY'S CORP,561450,USA
000JTH-E,111940,FIRST BANCORP INC/ME,522110,USA
000NXM-E,157354,KRONOS WORLDWIDE INC,325130,USA
000NYT-E,166197,LAKE SHORE BANCORP INC,522180,USA
000P84-E,312009,FRONTLINE PLC,483111,CYP
000QTC-E,180646,MYR GROUP INC,2371,USA
00103F-E,111819,ORRSTOWN FINANCIAL SVCS INC,522110,USA
00117S-E,101292,PUBLICIS GROUPE SA,541810,FRA
0011H9-E,221616,DEUTSCHE TELEKOM,517111,DEU
0011MS-E,220940,ORANGE SA,517111,FRA
0013G9-E,152049,FIRST BANCSHARES INC/MS,522110,USA
0013TL-E,209418,VINA CONCHA Y TORO SA,312130,CHL
0013YQ-E,135990,NRG ENERGY INC,22111,USA
0014DV-E,260774,CBRE GROUP INC,531312,USA
0014XY-E,183612,ZOOM TECHNOLOGIES INC,334220,CHN
001551-E,106100,CYCLO THERAPEUTICS INC,325414,USA
0015M7-E,112721,REPUBLIC BANCORP INC/KY,522110,USA
0015PK-E,117145,SPANISH BROADCASTING SYS INC,516110,USA
0015WL-E,282553,CDTI ADVANCED MATERIALS INC,336390,USA
0017LN-E,184167,FIRST INTERSTATE BANCSYSTEM,522110,USA
00183Z-E,183547,CODA OCTOPUS GROUP INC,334511,USA
0018SW-E,118525,ENTERPRISE BANCORP INC/MA,522110,USA
0019B4-E,112295,FIRST COMMUNITY CORP/SC,522110,USA
0019D5-E,212782,FRESENIUS MEDICAL CARE AG,621492,DEU
0019H7-E,107644,FINWARD BANCORP,522110,USA
001B1Y-E,164572,AMERISAFE INC,524126,USA
001DCG-E,117141,ENTERPRISE FINL SERVICES CP,522110,USA
001DY1-E,177881,MASIMO CORP,334510,USA
001K97-E,145701,PRINCIPAL FINANCIAL GRP INC,523940,USA
001KR6-E,209341,UNITED MICROELECTRONICS CORP,334413,TWN
001MSF-E,201336,CRESUD SOCIEDAD ANONIMA COM,999977,ARG
001MSZ-E,143153,SHORE BANCSHARES INC,522110,USA
001NTP-E,160742,COFFEE HOLDING CO INC,4244,USA
001NVG-E,140902,NII HOLDINGS INC,517312,USA
001QBC-E,102696,LOGITECH INTERNATIONAL SA,334118,CHE
001QJ4-E,120301,URBAN ONE INC,516110,USA
001RCT-E,164557,RBC BEARINGS INC,332991,USA
001RCX-E,206703,SGL CARBON SE,335991,DEU
001T0G-E,110039,AMKOR TECHNOLOGY INC,334413,USA
001V6Q-E,119275,MKS INC,334513,USA
001V9G-E,105670,BROOKLINE BANCORP INC,522110,USA
001VWN-E,121817,SALEM MEDIA GROUP INC,516110,USA
001W1F-E,111721,EAGLE BANCORP INC/MD,522110,USA
001WDR-E,107817,PEAPACK-GLADSTONE FINAN CORP,522110,USA
001WFR-E,109581,BRIGHTSTAR INFO TECH GRP INC,541512,USA
001WFS-E,120444,WESCO INTL INC,423610,USA
001WFT-E,105936,COLUMBIA SPORTSWEAR CO,315,USA
001WPW-E,106418,FIELDPOINT PETROLEUM CORP,211120,USA
001WR3-E,110529,SYMBOLIC LOGIC INC,541511,USA
001XH8-E,106261,ELITE PHARMACEUTICALS INC,325412,USA
001XKN-E,208057,COMPANHIA SIDERURGICA NACION,331110,BRA
001Y2B-E,109186,SONIC FOUNDRY INC,513210,USA
001Y70-E,201395,TAIWAN SEMICONDUCTOR MFG CO,334413,TWN
001YDC-E,104598,POSCO HOLDINGS INC,331110,KOR
001YSY-E,110728,INTERPACE BIOSCIENCES INC,621511,USA
001ZVW-E,109919,CRA INTERNATIONAL INC,541110,USA
001ZYW-E,109826,MANHATTAN ASSOCIATES INC,541512,USA
00206Q-E,109599,HERITAGE COMMERCE CORP,522110,USA
00208X-E,117768,NVIDIA CORP,334413,USA
0020HC-E,111103,MARINEMAX INC,441222,USA
0020LW-E,110760,AXT INC,334413,USA
0020LX-E,111000,HACKETT GROUP INC,541611,USA
0020T0-E,111205,INTERPLAY ENTERTAINMENT CORP,511210,USA
0020X2-E,178834,NORTHFIELD BANCORP INC,522180,USA
002118-E,100338,RELX PLC,511120,GBR
0021DS-E,102089,SODEXO S A,722310,FRA
0021JW-E,111864,COGNIZANT TECH SOLUTIONS,541512,USA
0021JX-E,111282,CONRAD INDUSTRIES INC,336611,USA
0021N7-E,112968,MANNATECH INC,325412,USA
0021NC-E,111534,STRATEGY INC,511210,USA
0021TV-E,111662,BEBE STORES INC,31521,USA
0021ZC-E,136725,INTUITIVE SURGICAL INC,334510,USA
002260-E,150278,CARTER'S INC,315,USA
0022B8-E,108893,YANKUANG ENERGY GROUP CO,212115,CHN
0022BW-E,148391,BRAND HOUSE COLLECTIVE INC,449129,USA
0022JD-E,110802,AVALON HOLDINGS CORP,562112,USA
0022L7-E,110179,VENTAS INC,531110,USA
0022QP-E,112168,REPUBLIC SERVICES INC,562111,USA
0022Y2-E,113178,HYPERTENSION DIAGNOSTICS INC,423930,CAN
00231Q-E,117861,AMERICAN AXLE & MFG HOLDINGS,336350,USA
0023JS-E,105365,AMERICAN TOWER CORP,531120,USA
00249X-E,112759,CENTRUS ENERGY CORP,325180,USA
0024DP-E,238616,VEOLIA ENVIRONNEMENT S A,221310,FRA
0024V3-E,121553,ABLE ENERGY INC,447110,USA
0024V8-E,114524,EBAY INC,455219,USA
00250B-E,115831,NETWORK-1 TECHNOLOGIES INC,533110,USA
002534-E,115313,THEGLOBE.COM INC,999990,USA
00253Q-E,120048,HEIDRICK & STRUGGLES INTL,561311,USA
00255B-E,121142,SKECHERS U S A INC,31621,USA
0025KH-E,111880,AMDOCS,5415,USA
0025XP-E,118267,KORN FERRY,561312,USA
0025Z9-E,179577,ENOVIS CORP,339113,USA
002615-E,114628,GOLDMAN SACHS GROUP INC,523150,USA
0026CQ-E,116504,SLEEP NUMBER CORP,337910,USA
0026HZ-E,142460,PEABODY ENERGY CORP,212114,USA
0026K5-E,147303,DRIVE SHACK INC,7139,USA
0026PF-E,115876,PROSPERITY BANCSHARES INC,522110,USA
0026PK-E,119316,TREX CO INC,321219,USA
0026RM-E,117034,FIRST CAPITAL INC,522110,USA
0026S8-E,118042,EAST WEST BANCORP INC,522110,USA
0026TN-E,116894,COMMUNITY SHORES BANK CORP,522110,USA
0026VB-E,117026,GREENE COUNTY BANCORP INC,522180,USA
0026W4-E,120593,NEXTERA ENTERPRISES INC,325412,USA
0026X8-E,222648,TELEFONICA BRASIL SA,517111,BRA
00270Q-E,117018,CF BANKSHARES INC,522110,USA
002713-E,116029,PLAINS ALL AMER PIPELNE  -LP,424710,USA
00275P-E,116826,ARTIFICIAL LIFE INC,511210,HKG
002793-E,118574,EVERCEL INC,333244,USA
00279D-E,148223,GREAT LAKES DREDGE & DOCK CP,237990,USA
0027XT-E,117036,GOLDEN ENTERTAINMENT INC,721120,USA
00288B-E,100095,BUNZL PLC,424130,GBR
0028L7-E,100080,BAYER AG,325,DEU
0028Y4-E,206211,FORMULA SYSTEMS (1985) LTD,541512,ISR
0028Y6-E,119594,HUGOTON ROYALTY TRUST,533110,USA
002983-E,120093,CNX RESOURCES CORP,2111,USA
0029GL-E,119314,BOOKING HOLDINGS INC,561510,USA
0029JY-E,124046,DIVERSIFIED HEALTHCARE TRUST,531110,USA
0029LS-E,125234,CITIZENS HOLDING CO,522110,USA
002BK1-E,122211,HOOKER FURNISHINGS CORP,33712,USA
002BMR-E,119574,EXTREME NETWORKS INC,334210,USA
002BVG-E,125794,NEOGENOMICS INC,621511,USA
002C0D-E,211009,INFOSYS LTD,541511,IND
002C5D-E,209382,VALE SA,212210,BRA
002DRV-E,120456,MANHATTAN BRIDGE CAPITAL INC,525990,USA
002DTL-E,166430,USBC INC,334510,USA
002F3F-E,111486,GILDAN ACTIVEWEAR INC,315280,CAN
002F57-E,160211,DOMINO'S PIZZA INC,722513,USA
002FF1-E,211819,NATIONAL GRID,2211,GBR
002FQ2-E,189757,XCEL BRANDS INC,458110,USA
002FQ7-E,122380,LENNOX INTERNATIONAL INC,333415,USA
002FR0-E,121077,F5 INC,541512,USA
002FV3-E,108693,JONES SODA CO,312111,USA
002G4B-E,122172,ZIFF DAVIS INC,519290,USA
002G54-E,121440,UNITED THERAPEUTICS CORP,325412,USA
002G82-E,121718,JUNIPER NETWORKS INC,334118,USA
002G9Q-E,122902,NETSCOUT SYSTEMS INC,541512,USA
002GBQ-E,205809,CHINA SOUTHERN AIRLINES,481111,CHN
002GC4-E,121713,FINANCIAL INSTITUTIONS INC,522110,USA
002GQ9-E,121815,ENCORE CAPITAL GROUP INC,522299,USA
002GTF-E,122257,BIOMARIN PHARMACEUTICAL INC,325414,USA
002GWC-E,150803,BANK FIRST CORP,522110,USA
002H34-E,122263,PRISM TECHNOLOGIES GROUP INC,519,USA
002H82-E,203480,SK TELECOM CO LTD,517112,KOR
002HBC-E,122536,ACTUA CORP,999990,USA
002HH1-E,122394,PERFICIENT INC,541519,USA
002HRT-E,121793,CYREN LTD,519130,ISR
002JBL-E,122915,ALLIANCE RESOURCE PTNRS  -LP,212115,USA
002JD9-E,122519,1-800-FLOWERS.COM,455110,USA
002JSY-E,124355,ALTIGEN COMMUNICATIONS INC,517111,USA
002K1T-E,116209,USIO INC,522320,USA
002KXB-E,125584,WQN INC,517919,USA
002L2R-E,125601,GAIA INC,519290,USA
002L4J-E,124036,EGAIN CORP,513210,USA
002L7X-E,125580,SOUTHERN FIRST BANKSHARES,522110,USA
002LCW-E,129441,ZYNEX INC,334510,USA
002LP2-E,112111,COSTAR GROUP INC,519290,USA
002LV5-E,126554,AGILENT TECHNOLOGIES INC,334516,USA
002LXG-E,116166,REPOSITRAK INC,518210,USA
002M04-E,107446,NETSOL TECHNOLOGIES INC,513210,USA
002M0S-E,125595,AKAMAI TECHNOLOGIES INC,519290,USA
002M71-E,125604,PLUG POWER INC,334413,USA
002MBD-E,126318,IMMERSION CORP,511210,USA
002MCD-E,126434,RAINMAKER SYSTEMS INC,519130,USA
002MCH-E,108664,UNITED BANCSHARES INC/OH,522110,USA
002MCX-E,107843,MARKER THERAPEUTICS INC,325414,USA
002MNN-E,125600,TELKONET INC,334513,USA
002MP7-E,128978,PACKAGING CORP OF AMERICA,322211,USA
002MPN-E,126721,TELEDYNE TECHNOLOGIES INC,334511,USA
002MQ8-E,124934,ADSTAR INC,519130,USA
002MWN-E,133425,ARTISTDIRECT INC,519130,USA
002MY0-E,126296,EXPEDIA GROUP INC,561510,USA
002N6G-E,125239,SIFY TECHNOLOGIES LTD -ADR,517111,IND
002NJ2-E,133766,HEALTHSTREAM INC,513210,USA
002NMB-E,133367,EDGEWELL PERSONAL CARE CO,332215,USA
002PV7-E,133768,METLIFE INC,524113,USA
002Q0C-E,137131,CHARLES RIVER LABS INTL INC,54171,USA
002Q6V-E,133366,EDWARDS LIFESCIENCES CORP,339113,USA
002QMJ-E,133764,EAGLE BANCORP MONTANA INC,522110,USA
002QMP-E,133844,IMAGEWARE SYSTEMS INC,541512,USA
002QQC-E,144727,GRANITE CITY FOOD & BREWERY,722511,USA
002QS3-E,137573,ENTEGRIS INC,333242,USA
002QWZ-E,138743,EQUINIX INC,531190,USA
002QY0-E,137432,DELTA APPAREL INC,315,USA
002RBQ-E,143974,BREAD FINANCIAL HOLDINGS INC,522291,USA
002RHJ-E,133288,SILICON LABORATORIES INC,334413,USA
002RHV-E,128121,QUARTERHILL INC,334220,CAN
002RJK-E,115757,SMITH & WESSON BRANDS INC,332994,USA
002RNG-E,142953,MONDELEZ INTERNATIONAL INC,311821,USA
002RVT-E,133869,LIVEPERSON INC,518210,USA
002S9J-E,134932,ON SEMICONDUCTOR CORP,334413,USA
002SHN-E,133885,EXELIXIS INC,325414,USA
002SK9-E,125863,VANTIVA SA,334220,FRA
002SM4-E,133868,LEXICON PHARMACEUTICALS INC,325413,USA
002T0H-E,223148,ICICI BANK LTD,522110,IND
002T0L-E,136186,INSMED INC,325414,USA
002T2R-E,133871,SANGAMO THERAPEUTICS INC,325414,USA
002TM9-E,125074,RADWARE LTD,513210,ISR
002TQV-E,223732,TREND MICRO INC,513210,JPN
002TZV-E,114927,SWISSCOM AG,517111,CHE
002V32-E,138744,2INVEST AG,325414,DEU
002V8X-E,126010,FLEXIBLE SOLUTIONS INTL INC,325180,CAN
002V9S-E,101020,STORA ENSO OYJ,322120,FIN
002VGL-E,135044,PIXELWORKS INC,334413,USA
002VL9-E,138341,CURIS INC,325414,USA
002VQ2-E,140988,TRINET GROUP INC,541612,USA
002VQN-E,145308,WW INTERNATIONAL INC,812191,USA
002VWC-E,225088,INTERSHOP COMMUNICATIONS AG,519130,DEU
002VXH-E,137351,BERKSHIRE HILLS BANCORP INC,522110,USA
002W2W-E,137642,CASSAVA SCIENCES INC,325412,USA
002W80-E,140042,ASPIRA WOMENS HEALTH INC,325413,USA
002WRP-E,138205,ILLUMINA INC,334516,USA
002X70-E,138483,BRUKER CORP,334516,USA
002X87-E,136648,VISTEON CORP,336320,USA
002X9M-E,147579,NETFLIX INC,516210,USA
002XC4-E,140044,DURECT CORP,325412,USA
002XCP-E,142956,OMNICELL INC,333248,USA
002XDJ-E,137943,ENTRAVISION COMMUNICATIONS,5418,USA
002XNG-E,150306,TEXAS CAPITAL BANCSHARES INC,522110,USA
002XS0-E,137602,AXCELIS TECHNOLOGIES INC,333242,USA
002XVP-E,135844,INNOVATIVE SOLTNS & SUPP INC,334118,USA
002Y8F-E,138467,LANTRONIX INC,334210,USA
002Y8Q-E,136828,REDIFF.COM INDIA LTD  -ADR,516210,IND
002YB1-E,140073,INTEGER HOLDINGS CORP,334510,USA
002YFC-E,139025,PINNACLE FINL PARTNERS INC,522110,USA
002YMH-E,138921,AVISTAR COMMUNICATIONS CORP,334210,USA
002YTH-E,140541,TAPESTRY INC,316990,USA
002YTJ-E,140023,DELCATH SYSTEMS INC,339112,USA
002YYG-E,139804,TTM TECHNOLOGIES INC,334412,USA
002YZ3-E,143526,RETRACTABLE TECHNOLOGIES INC,339112,USA
002ZBZ-E,148772,CBAK ENERGY TECHNOLOGY INC,335910,CHN
002ZJP-E,138621,RADVIEW SOFTWARE LTD,511210,ISR
002ZMG-E,133564,CAMTEK LTD,333310,ISR
002ZV7-E,100572,PEARSON PLC,611,GBR
002ZXF-E,138521,MIND CTI LTD,513210,ISR
00301S-E,144437,PDF SOLUTIONS INC,511210,USA
00306S-E,142260,OIL STATES INTL INC,333132,USA
003129-E,141359,RESOURCES CONNECTION INC,541611,USA
00317L-E,141913,GLOBAL PAYMENTS INC,518210,USA
00317Y-E,154039,NETGEAR INC,334210,USA
003196-E,141459,GARMIN LTD,334511,CHE
0031GF-E,153191,CHINA NATURAL GAS INC,486210,CHN
0031H7-E,141469,HARVARD BIOSCIENCE INC,334516,USA
0031LT-E,204867,WIPRO LTD,541512,IND
0031V4-E,170756,INTELLINETICS INC,513210,USA
00322J-E,120860,AUDIOCODES LTD,334210,ISR
0032GX-E,141277,EXACT SCIENCES CORP,541714,USA
0032MV-E,138501,CERAGON NETWORKS LTD,334220,ISR
0032RH-E,141887,VERIFYME INC,541512,USA
0032VQ-E,141384,ALIGN TECHNOLOGY INC,339114,USA
0032VY-E,122537,INTERNET INITIATIVE JAPAN INC,517111,JPN
00339Z-E,141496,DYNAVAX TECHNOLOGIES CORP,325414,USA
0033FM-E,142248,AMERICA MOVIL SAB DE C V,517112,MEX
0033G3-E,175955,IPG PHOTONICS CORP,334413,USA
0033G6-E,142546,MARINE PRODUCTS CORP,336612,USA
0033SF-E,141846,ACADIA PHARMACEUTICALS INC,325414,USA
0033TL-E,114203,CEMTREX INC,334519,USA
00343Q-E,105538,SIERRA BANCORP/CA,522110,USA
0034JF-E,149379,FUTURE FINTECH GROUP INC,5222,USA
0034V8-E,149721,TRAVELZOO,519290,USA
003535-E,110620,ICON PUBLIC LIMITED COMPANY,541714,IRL
00354M-E,137944,GRUPO FINANCIERO GALICIA SA,522110,ARG
00354T-E,132740,INFINEON TECHNOLOGIES AG,334413,DEU
003558-E,127114,METALINK LTD,334413,ISR
00356F-E,138781,COMPUGEN LTD,325414,ISR
003575-E,133905,NOVA LTD,334513,ISR
0035DF-E,137612,TURKCELL ILETISIM HIZMET,517112,TUR
0035JC-E,140797,DATALEX PLC,513210,IRL
0035QW-E,143912,AXON ENTERPRISE INC,332994,USA
003600-E,142814,SYNAPTICS INC,334413,USA
0036BR-E,143710,WILLIAMS INDUSTRIAL SE G INC,237,USA
0036CJ-E,147183,COMSTOCK INC,324110,USA
0036P0-E,144559,ZIMMER BIOMET HOLDINGS INC,339113,USA
0036WD-E,141076,INFICON HOLDING AG,334513,CHE
0036X2-E,210418,ABB LTD,335313,CHE
003715-E,100590,E.ON SE,2211,DEU
00371D-E,143356,PRUDENTIAL FINANCIAL INC,524113,USA
003789-E,139705,MIDDLEFIELD BANC CORP,522110,USA
0037B1-E,114415,RICEBRAN TECHNOLOGIES,311212,USA
0037C0-E,223098,DR REDDY'S LABORATORIES LTD,325412,IND
0037D4-E,147708,CALAVO GROWERS INC,424480,USA
0037L1-E,163884,FRANKLIN STREET PROPERTIES,531120,USA
0038F6-E,153957,BRAINSTORM CELL THERAPEUTICS,325414,USA
0038LH-E,120821,NUVEEN NY QUAL MUN INCM FD,525990,USA
0038M5-E,160225,MASTERCARD INC,522320,USA
0038VL-E,150221,GALECTIN THERAPEUTICS INC,325412,USA
0038YJ-E,149177,NEXSTAR MEDIA GROUP,516120,USA
00394S-E,277812,GRIFOLS S A,325414,ESP
0039DR-E,205131,MIRAE CORP,333295,KOR
0039G8-E,146017,ACUITY INC,335132,USA
003B0S-E,144396,CROSS COUNTRY HEALTHCARE INC,561320,USA
003B3F-E,220211,ICL GROUP LTD,3253,ISR
003B3Z-E,144520,AMN HEALTHCARE SERVICES INC,561320,USA
003BQ1-E,144640,ASBURY AUTOMOTIVE GROUP INC,441110,USA
003BTV-E,146659,HOUSTON AMERN ENERGY CORP,211120,USA
003BWN-E,149070,CME GROUP INC,523210,USA
003BWY-E,149906,HENNESSY ADVISORS INC,523940,USA
003C2M-E,144887,NORTHWEST BIOTHERAPEUTICS,325414,USA
003CNB-E,145041,BIG 5 SPORTING GOODS CORP,459110,USA
003CXV-E,149683,CHINA AUTOMOTIVE SYSTEMS INC,336330,CHN
003CY5-E,147101,ATC VENTURES GROUP INC,333112,USA
003CZW-E,145977,ADVANCE AUTO PARTS INC,441330,USA
003DH6-E,101256,FISHER & PAYKEL HEALTHCARE,339113,NZL
003DX0-E,151630,HALOZYME THERAPEUTICS INC,325414,USA
003DZY-E,209410,TATA COMMUNICATIONS LTD,517110,IND
003F6S-E,145552,CENTENE CORP,524114,USA
003FR6-E,176378,REEDS INC,312111,USA
003G00-E,155758,BLUE HOLDINGS INC,315,USA
003G3Q-E,149360,SITO MOBILE LTD,511210,USA
003GBL-E,146117,LIQUIDMETAL TECHNOLOGIES,331492,USA
003GXK-E,137370,AMERICAN BANK INC/PA,522110,USA
003H0G-E,146616,CORCEPT THERAPEUTICS INC,325412,USA
003H35-E,102422,SAPPI LTD,322220,ZAF
003H81-E,146648,CUTERA INC,334510,USA
003HN5-E,221821,NIDEC CORPORATION,335312,JPN
003HR7-E,179840,STANDARD BIOTOOLS INC,334516,USA
003J3Q-E,100401,SPIRENT COMMUNICATIONS,334416,GBR
003J47-E,163822,ZION OIL & GAS INC,2111,USA
003J9Y-E,108564,TRANSGENE SA,325414,FRA
003JBV-E,148950,ENPRO INC,339991,USA
003JLF-E,246010,GENETIC TECHNOLOGIES LIMITED,325414,AUS
003JQM-E,204459,SHUFERSAL LTD,445110,ISR
003JR4-E,100712,WOODSIDE ENERGY GROUP LTD,2111,AUS
003JV0-E,100091,RENTOKIL INITIAL PLC,561710,GBR
003JXR-E,137433,MOBILE TELESYSTEMS PJSC,517312,RUS
003K1V-E,217200,HONG KONG TECHNOLOGY VENTURE,455219,HKG
003K2V-E,222286,TELE2 AB,517112,SWE
003K3M-E,201706,DRDGOLD LTD,212220,ZAF
003K51-E,117116,KAZIA THERAPEUTICS LIMITED,325412,AUS
003K5P-E,221612,TELENOR ASA,517112,NOR
003K5R-E,147242,VERINT SYSTEMS INC,518210,USA
003K8C-E,147398,TSAKOS ENERGY NAVIGATION LTD,483111,GRC
003K8J-E,146352,ALUMINUM CORP CHINA LTD,331313,CHN
003K8X-E,112876,ENTERPRISE PRODCT PARTNRS LP,211120,USA
003K9M-E,221777,RANDGOLD & EXPLORATION CO,212221,ZAF
003KB3-E,187550,ASPEN AEROGELS INC,325180,USA
003KDD-E,133304,ALVARION LTD,334418,ISR
003KG3-E,149082,WESTWOOD HOLDINGS GROUP INC,523940,USA
003KHX-E,102341,HARMONY GOLD MINING CO LTD,212220,ZAF
003KK4-E,247961,SHL TELEMEDICINE LTD,621999,ISR
003KKF-E,141239,TELEKOM AUSTRIA AG,517919,AUT
003KND-E,148390,FORMFACTOR INC,334515,USA
003KSM-E,106815,OTE - HELLENIC TELECOM ORG,517111,GRC
003KSV-E,147305,JETBLUE AIRWAYS CORP,481111,USA
003KTP-E,220546,EQUINOR ASA,324110,NOR
003L0W-E,148170,RIOT PLATFORMS INC,513210,USA
003L7K-E,144535,HDFC BANK LIMITED,522110,IND
003L8Q-E,105512,BPI ENERGY HOLDINGS INC,211111,USA
003L94-E,176768,BRIDGELINE DIGITAL INC,518210,USA
003LG0-E,222111,PETROLEO BRASILEIRO SA- PETR,324110,BRA
003LSR-E,101317,SMITH & NEPHEW PLC,339113,GBR
003M06-E,130498,GIGAMEDIA LTD,519130,TWN
003MSB-E,141099,ELECTROVAYA INC,335910,CAN
003MY1-E,106965,SANGOMA TECHNOLOGIES CORP,334220,CAN
003MY6-E,130525,AMERICAS GOLD & SILVER CORP,212230,CAN
003N9S-E,107712,ENERGY FUELS INC,212290,USA
003NBJ-E,143909,FENNEC PHARMACEUTICALS INC,325414,USA
003NQ7-E,107130,KELSO TECHNOLOGIES INC,333914,CAN
003PB3-E,107258,SIERRA METALS INC,212230,CAN
003PBM-E,106351,EXCELLON RESOURCES INC,2122,CAN
003PCZ-E,100477,JAMES HARDIE INDUSTRIES PLC,327420,IRL
003PGQ-E,105811,HIVE DIGITAL TECHNOLOGIE LTD,518210,USA
003PGV-E,142606,PLATINUM GROUP METALS LTD,212,CAN
003PQH-E,106003,LARGO INC,212290,CAN
003Q2V-E,147868,BED BATH & BEYOND INC,449110,USA
003Q4S-E,108326,SILVERCORP METALS INC,212220,CAN
003Q9G-E,106112,NEW GOLD INC,212220,CAN
003QDR-E,203890,TATA MOTORS PASSENGER,336111,IND
003QN1-E,165750,MODULAR MEDICAL INC,339112,USA
003QTP-E,100245,ADVANTEST CORP,334515,JPN
003T98-E,107245,ENDEAVOUR SILVER CORP,212220,CAN
003TCK-E,147849,TRUBRIDGE INC,513210,USA
003TQD-E,144382,NEPTUNE WELLNESS SOLUTION IN,311230,CAN
003VCL-E,107350,EMX ROYALTY CORP,212221,CAN
003VKW-E,166218,NEW PACIFIC METALS CORP,212220,CAN
003VYF-E,155225,RARE ELEMENT RESOURCES LTD,212290,USA
003W8Y-E,150837,NATURAL RESOURCE PARTNERS LP,523910,USA
003WB7-E,149258,CALAMOS CONV OPP AND INC FD,525990,USA
003WTW-E,148470,RED ROBIN GOURMET BURGERS,722511,USA
003WTX-E,148469,SAFETY INSURANCE GROUP INC,524126,USA
003X17-E,136265,BANC OF CALIFORNIA INC,522110,USA
003XDT-E,137435,NETEASE INC,513210,CHN
003XZ7-E,150562,NATURAL GAS SERVICES GROUP,532412,USA
003Z0C-E,135788,CEVA INC,533110,USA
003ZLL-E,149318,WYNN RESORTS LTD,721120,USA
004051-E,150201,MARTIN MIDSTREAM PARTNERS LP,424720,USA
0040KQ-E,150139,DICKS SPORTING GOODS INC,459110,USA
0040L2-E,144183,GALIANO GOLD INC,212220,CAN
0041GC-E,150279,PROVIDENT FINANCIAL SVCS INC,522180,USA
0042C0-E,165856,H&E EQUIPMENT SERVICES INC,423830,USA
0042LT-E,162914,RADIANT LOGISTICS INC,488510,USA
0042Z7-E,180146,TOMI ENVIRONMENTAL SOLUTINS,333248,USA
0043MF-E,154605,ORAGENICS INC,325414,USA
0043W1-E,151423,NEPHROS INC,339112,USA
0044CL-E,160555,TINGO GROUP INC,517,USA
0044MF-E,151933,TENARIS SA,331210,LUX
00454B-E,174121,ULTRAPETROL BAHAMAS LTD,999990,BHS
0046GC-E,153128,STAR EQUITY HOLDINGS INC,561311,USA
0046TH-E,152149,MOLINA HEALTHCARE INC,524114,USA
0048BB-E,152649,TELKOM SA SOC LTD,517111,ZAF
004B8C-E,124434,BLACKROCK INC,523940,USA
004BRJ-E,171141,FIVE BELOW INC,455219,USA
004BVL-E,153130,AXIS CAPITAL HOLDINGS LTD,524126,BMU
004DB2-E,178973,TITAN MACHINERY INC,4238,USA
004FVS-E,157153,COMPASS MINERALS INTL INC,212390,USA
004G1T-E,174390,LEMAITRE VASCULAR INC,339112,USA
004G2S-E,178865,RUBICON TECHNOLOGY INC,334413,USA
004GC3-E,134305,MAG SILVER CORP,21222,CAN
004GT2-E,185453,WHITESTONE REIT,531120,USA
004HZJ-E,155754,ASHFORD HOSPITALITY TRUST,531120,USA
004L6Q-E,154739,GLADSTONE COMMERCIAL CORP,531120,USA
004LC9-E,166583,LUNA INNOVATIONS INC,333310,USA
004MCV-E,154758,MODIVCARE INC,485991,USA
004RNJ-E,155394,LKQ CORP,423140,USA
004S6K-E,155616,CINEVERSE CORP,512120,USA
004S84-E,160173,ARBOR REALTY TRUST INC,525990,USA
004V4Q-E,161992,TELVENT GIT SA,541512,ESP
004WJ2-E,155738,NELNET INC,522291,USA
004ZPB-E,260737,OCEAN POWER TECHNOLOGIES INC,335311,USA
004ZR9-E,160684,WESTLAKE CORP,325211,USA
004ZW9-E,156614,CONN'S INC,449210,USA
004ZYY-E,157452,OXFORD SQUARE CAPITAL CORP,523910,USA
004ZZ8-E,156861,SOMNIGROUP INTERNATIONAL INC,337910,USA
00519D-E,156633,UNIVERSAL TECHNICAL INST,611699,USA
0052QN-E,156953,HILLTOP HOLDINGS INC,522110,USA
0053CW-E,157057,ASSURANT INC,524126,USA
00563K-E,157413,TRIP COM GROUP LTD,561510,SGP
0058BT-E,157755,MARCHEX INC,541890,USA
0058W5-E,157855,SALESFORCE INC,513210,USA
005B20-E,158053,ADAMAS TRUST INC,525990,USA
005BPK-E,264645,CALAMOS STRAT TOTAL RETRN FD,525990,USA
005C7F-E,136844,BANK OF THE JAMES FINANCIAL,522110,USA
005CC4-E,264416,ULTRA CLEAN HOLDINGS INC,334413,USA
005DN8-E,158563,CYTOKINETICS INC,325412,USA
005FBB-E,144122,MVB FINANCIAL CORP,522110,USA
005GPJ-E,158742,MARKETAXESS HOLDINGS INC,523210,USA
005JC3-E,260893,BLACKBAUD INC,519290,USA
005JJ1-E,260838,CIPHER PHARMACEUTICALS INC,325412,CAN
005M9Z-E,101204,SANOFI,325412,FRA
005MNS-E,187694,DUFF & PHELPS GLB UTL INC FD,525990,USA
005MYP-E,266214,COHEN & STEERS INC,523940,USA
005P05-E,183593,OMEROS CORP,325414,USA
005P9Z-E,163850,MOBIQUITY TECHNOLOGIES INC,5418,USA
005PL6-E,266315,KITE REALTY GROUP TRUST,531120,USA
005Q0J-E,184392,GREEN DOT CORP,522320,USA
005Q96-E,163920,WESTERN ALLIANCE BANCORP,522110,USA
005QD1-E,160213,GSI TECHNOLOGY INC,334413,USA
005QLB-E,160488,NEUROMETRIX INC,339112,USA
005QS2-E,321429,MAXCYTE INC,541714,USA
005RBG-E,165914,CHIPOTLE MEXICAN GRILL INC,722513,USA
005RG1-E,161966,ARES CAPITAL CORP,523999,USA
005RHW-E,162160,MEDICAL PROPERTIES TRUST,531120,USA
005S48-E,184551,MAXLINEAR INC,334413,USA
005SGQ-E,179834,CAREDX INC,325413,USA
005SV0-E,160340,MANNKIND CORP,325414,USA
005T52-E,160341,W&T OFFSHORE INC,211120,USA
005TTT-E,160375,STEREOTAXIS INC,334510,USA
005TV0-E,160376,TEXAS ROADHOUSE INC,722511,USA
005V1J-E,160417,QC HOLDINGS INC,522291,USA
005VD0-E,184256,IRONWOOD PHARMACEUTICALS INC,325412,USA
005VHD-E,160479,EXTRA SPACE STORAGE INC,531130,USA
005VHK-E,161997,HURON CONSULTING GROUP INC,541611,USA
005VSS-E,160779,CENTERRA GOLD INC,212220,CAN
005W0W-E,175008,AMICUS THERAPEUTICS INC,325414,USA
005W47-E,174134,PTC THERAPEUTICS INC,325414,USA
005WNS-E,160570,COMMERCIAL VEHICLE GROUP INC,336390,USA
005X7Z-E,180363,ALIMERA SCIENCES INC,325412,USA
005YL8-E,171002,GLOBUS MEDICAL INC,339112,USA
005ZYD-E,166482,MUELLER WATER PRODUCTS INC,332911,USA
0060WS-E,158055,DYADIC INTERNATIONAL INC,325414,USA
00618Z-E,259073,SYNTARA LIMITED,325412,AUS
00637V-E,162335,PRESTIGE CONSUMER HEALTHCARE,325412,USA
00638C-E,184079,TENGION INC,325414,USA
0063GJ-E,160855,51JOB INC,541612,CHN
0063KM-E,160856,TOP SHIPS INC,483111,GRC
0063YP-E,160888,MONOLITHIC POWER SYSTEMS INC,334413,USA
006494-E,162400,XPEL INC,336390,USA
0064GQ-E,160889,ODIMO INC,999990,USA
00650X-E,160913,ORMAT TECHNOLOGIES INC,2211,USA
0066G5-E,269005,CPFL ENERGIA SA,221122,BRA
0066WX-E,162644,ORSUS XELENT TECHNOLOGIES,334220,CHN
0066ZC-E,160706,DIAMONDROCK HOSPITALITY CO,531120,USA
00674X-E,185419,PACIFIC BIOSCIENCES OF CALIF,334516,USA
0067BK-E,160990,CUBESMART,531130,USA
0067HG-E,160991,DIGITAL REALTY TRUST INC,531120,USA
0068QT-E,161055,BUILD-A-BEAR WORKSHOP INC,459120,USA
0068X5-E,161072,COMSTOCK HOLDING COS INC,531,USA
0068YW-E,179841,CODEXIS INC,325414,USA
006902-E,161065,ECC CAPITAL CORP,5311,USA
00694W-E,177257,INFINERA CORP,334210,USA
006B2F-E,181269,GREEN PLAINS INC,325193,USA
006BWV-E,161813,BLUELINX HOLDINGS INC,423310,USA
006C9Y-E,161844,LAS VEGAS SANDS CORP,721120,USA
006CBM-E,161843,MANITEX INTERNATIONAL INC,333924,USA
006CM9-E,161852,SOTHERLY HOTELS INC,531120,USA
006D22-E,162892,MEDICINOVA INC,325414,USA
006D9M-E,162825,HOME FEDERAL BANCORP INC/LA,522180,USA
006DPK-E,165051,SUNPOWER CORP,3359,USA
006DV6-E,161925,CHINA FINANCE ONLINE CO LTD,523130,CHN
006DZ7-E,166213,LIQUIDITY SERVICES INC,449210,USA
006FRW-E,163975,HOKU CORP,334418,USA
006GD4-E,182112,ZOVIO INC,611310,USA
006GP9-E,166435,VANDA PHARMACEUTICALS INC,325414,USA
006K0D-E,162254,CELANESE CORP,325199,USA
006KK9-E,178972,BG MEDICINE INC,325413,USA
006L59-E,162338,UNIVERSAL LOGISTICS HLDGS,4841,USA
006LBN-E,165284,FIRST BUSINESS FINL SRV INC,522110,USA
006LDN-E,163889,ATRICURE INC,339112,USA
006MGK-E,164416,IROBOT CORP,339999,USA
006N3P-E,164155,GLADSTONE INVESTMENT CORP/DE,523910,USA
006N6Y-E,162449,EXLSERVICE HOLDINGS INC,518210,USA
006PLC-E,162560,AXOS FINANCIAL INC,522180,USA
006PPK-E,162559,LAZARD INC,523940,USA
006QZ0-E,165968,SUNWORKS INC,334413,USA
006S2V-E,187812,MATADOR RESOURCES CO,2111,USA
006S45-E,162742,FREIGHTCAR AMERICA INC,336510,USA
006S5F-E,186962,SEQUANS COMMUNICATIONS SA,334413,FRA
006SV9-E,162814,GRAVITY CO LTD -ADR,513210,KOR
006V3Q-E,151544,PARKE BANCORP INC,522110,USA
006V9Y-E,183879,ANTHERA PHARMACEUTCLS INC,325414,USA
006WP3-E,163048,IVIVI TECHNOLOGIES INC,334510,USA
006XY7-E,184996,TESLA INC,336111,USA
006Y50-E,163051,CITI TRENDS INC,458110,USA
006Y9H-E,165637,UR ENERGY INC,212291,USA
006YD0-E,163060,DIANA SHIPPING INC,483111,GRC
006Z1J-E,175966,CATALYST PHARMACEUTICALS INC,325414,USA
006Z3D-E,180150,AMERICAN DEFENSE SYSTEMS INC,336992,USA
007035-E,174236,SELECT MEDICAL HOLDINGS CORP,622310,USA
0070ZH-E,164755,CROCS INC,316210,USA
0071WY-E,163678,EVERI HOLDINGS INC,713290,USA
0072XZ-E,163983,TREEHOUSE FOODS INC,3118,USA
007331-E,163765,COOPER-STANDARD HOLDINGS INC,3363,USA
0073F2-E,162925,ACRES COMMERCIAL REALTY CORP,525990,USA
0076MX-E,233491,MAGNACHIP SEMICONDUCTOR CORP,334413,KOR
0076PQ-E,175607,PRIMIS FINANCIAL CORP,522110,USA
0077C2-E,163930,GENCO SHIPPING & TRADING,483111,USA
0077CM-E,165510,ORIGIN AGRITECH LTD,111150,CHN
0077JG-E,163935,GLOBAL PARTNERS LP,424710,USA
0077N8-E,272699,ENSYNC INC,335999,USA
0077YX-E,170617,META PLATFORMS INC,519290,USA
007863-E,166491,IGC PHARMA INC,325412,USA
007879-E,163946,CF INDUSTRIES HOLDINGS INC,325311,USA
0078TM-E,171067,PALO ALTO NETWORKS INC,518210,USA
00797Q-E,145049,GAMESTOP CORP,449210,USA
007BRJ-E,166740,CLEAN ENERGY TECHNOLOGIES,457210,USA
007BRS-E,164211,SILICON MOTION TECH -ADR,334413,HKG
007CYH-E,142540,CNOOC LTD,211120,HKG
007D2F-E,178644,TECHPRECISION CORP,332999,USA
007FYM-E,165513,EQUITABLE FINANCIAL CORP,522180,USA
007GFR-E,185380,SEMILEDS CORP,334413,TWN
007HW6-E,165798,URANIUM ENERGY CORP,212290,USA
007J7M-E,164652,BROOKDALE SENIOR LIVING INC,623311,USA
007JGZ-E,178097,CUMBERLAND PHARMACEUTICALS,325412,USA
007KNV-E,165075,STEALTHGAS INC,483111,GRC
007KQF-E,118264,GAMCO INVESTORS INC,523940,USA
007LXR-E,165913,EUROSEAS LTD,483111,GRC
007M3K-E,166443,CHINA GENGSHENG MINERALS INC,327120,CHN
007M64-E,174926,NEXPOINT DIVERSIFIED RE TS,531190,USA
007M6W-E,165465,MAGYAR BANCORP INC,522180,USA
007M9H-E,165501,MAJESTIC CAPITAL LTD,999990,BMU
007MJV-E,164046,GRAN TIERRA ENERGY INC,2111,CAN
007Q2B-E,161954,KAYNE ANDERSON EN INF FD INC,523920,USA
007Q93-E,165923,PERION NETWORK LTD,519290,ISR
007QP2-E,175503,GOLD RESOURCE CORP,21222,USA
007S8Y-E,175269,CELSIUS HOLDINGS INC,312111,USA
007SJT-E,196268,YELP INC,519290,USA
007TQY-E,178976,STRIDE INC,611110,USA
007V4P-E,166368,COMPASS DIVERSIFIED HOLDINGS,335,USA
007XKN-E,176899,SANDRIDGE ENERGY INC,211120,USA
007XMP-E,164494,SPIRIT AEROSYSTEMS HOLDINGS,336413,USA
007Y80-E,166555,ALPHATEC HOLDINGS INC,339113,USA
0082SV-E,183524,KARTOON STUDIOS INC,512110,USA
008337-E,275862,AQUABOUNTY TECHNOLOGIES INC,325414,USA
00836V-E,174147,QVC GROUP INC,449110,USA
008373-E,175457,BYRNA TECHNOLOGIES INC,332994,USA
0083K5-E,175083,NORTHEAST COMMUNITY BANCORP,522180,USA
0085DD-E,272872,GALAPAGOS NV,325414,BEL
0085DK-E,278153,HUTCHMED (CHINA) LTD,325412,HKG
0085KV-E,174300,MILLENNIUM SUSTAINABLE V CRP,525990,USA
0086T9-E,174389,EHEALTH INC,524210,USA
00879V-E,175908,WHERE FOOD COMES FROM INC,519290,USA
0087HG-E,175236,ALIO GOLD INC,212221,CAN
0087KB-E,277487,BRASILAGRO CIA BRAS DE PROP,111,BRA
0087P1-E,277186,MISSION NEWENERGY LTD,324199,AUS
00883P-E,179390,ASIA TIME CORP,423940,HKG
0088RM-E,174744,EVERCORE INC,523999,USA
0088V7-E,175007,ALLEGIANT TRAVEL CO,481111,USA
0088W8-E,278151,GEOPARK LTD,211120,COL
0089PB-E,175319,HANESBRANDS INC,315,USA
008C5Y-E,175263,WESTERN UNION CO,522320,USA
008CPQ-E,278308,MDXHEALTH SA,325413,BEL
008D1G-E,175307,DOUGLAS EMMETT INC,531120,USA
008FJT-E,175404,FIRST SOLAR INC,334413,USA
008GDZ-E,175523,GLOBALSTAR INC,517410,USA
008JMV-E,279431,EMEREN GROUP LTD,237130,USA
008JWZ-E,175654,WILLDAN GROUP INC,541330,USA
008K3X-E,176251,INFORMATION SERVICES GROUP,518210,USA
008KB0-E,176408,MV OIL TRUST,2111,USA
008KYV-E,175442,NEW ORIENTAL ED & TECH,611,CHN
008L5S-E,171007,SERVICENOW INC,513210,USA
008LPT-E,175518,ROSETTA GENOMICS LTD,325413,ISR
008LTG-E,176343,CLEAN ENERGY FUELS CORP,457120,USA
008M17-E,178413,FITLIFE BRANDS INC,325412,USA
008MD0-E,179029,XINYUAN REAL ESTATE CO -ADR,237210,CHN
008MS1-E,176567,SUPER MICRO COMPUTER INC,334111,USA
008MZ5-E,175606,DANAOS CORPORATION,483111,GRC
008NFB-E,178672,CVR ENERGY INC,324110,USA
008NQM-E,176362,AEROVIRONMENT INC,336411,USA
008NRM-E,176363,MELLANOX TECHNOLOGIES LTD,334413,USA
008QJ5-E,175982,CANADIAN SOLAR INC,334413,CAN
008QMK-E,180483,BERRY GLOBAL GROUP INC,3261,USA
008R5Y-E,176591,EMPLOYERS HOLDINGS INC,524126,USA
008RM5-E,176725,BARINGS BDC INC,523999,USA
008STN-E,289735,VISLINK TECHNOLOGIES INC,334220,USA
008T9S-E,176701,INTERACTIVE BROKERS GROUP,523150,USA
008TML-E,176260,MELCO RESORTS & ENTERTAINMEN,721120,HKG
008V0H-E,176261,TRINA SOLAR CO LTD,334413,CHN
008V1C-E,176703,ESSA BANCORP INC,522180,USA
008V5G-E,178674,EPSILON ENERGY LTD,211120,CAN
008W16-E,176928,BROADRIDGE FINANCIAL SOLUTNS,541512,USA
008W5F-E,176963,RESPONSE GENETICS INC,621511,USA
008W5Z-E,176914,CHENIERE ENERGY PARTNERS LP,424710,USA
008W61-E,176992,DIAMEDICA THERAPEUTICS INC,325414,USA
008XTM-E,180345,RESEARCH SOLUTIONS INC,561990,USA
008Y2F-E,176973,GREENLIGHT CAPITAL RE LTD,524130,CYM
008Y33-E,176840,RING ENERGY INC,2111,USA
008YCK-E,176660,3SBIO INC,325,CHN
008YJC-E,177216,PENNANTPARK INVESTMENT CORP,523910,USA
008Z4S-E,184500,CBOE GLOBAL MARKETS INC,523210,USA
00904S-E,185532,TARGA RESOURCES CORP,486210,USA
0092S0-E,186437,GEVO INC,325193,USA
009345-E,178494,REMARK HOLDINGS INC,513210,USA
00935F-E,165743,STAR BULK CARRIERS CORP,483111,GRC
009422-E,177129,SIMCERE PHARMACEUTICAL GROUP,325412,CHN
0094D0-E,177640,TIPTREE INC,524126,USA
00957R-E,177744,PROS HOLDINGS INC,518210,USA
009694-E,177882,HHGREGG INC,443142,USA
0096VN-E,177895,GT ADVANCED TECHNOLOGIES INC,334413,USA
00971Z-E,177896,REX ENERGY CORP,211111,USA
00972K-E,178907,FLEXSHOPPER INC,522220,USA
00975S-E,178519,LPL FINANCIAL HOLDINGS INC,523150,USA
00985H-E,158313,OAK RIDGE FINANCIAL SERVICES,522110,USA
00986Q-E,177983,GENPACT LTD,518210,BMU
00986T-E,177486,LDK SOLAR CO LTD,334413,CHN
00986X-E,178529,MAIN STREET CAPITAL CORP,523910,USA
009878-E,178803,ENSIGN GROUP INC,623110,USA
0098PM-E,285135,GLOBUS MARITIME LTD,483111,GRC
0098T2-E,284719,INCANNEX HEALTHCARE INC,325412,AUS
0099GV-E,179974,HCI GROUP INC,524126,USA
009B2L-E,178148,SANDSTORM GOLD LTD,212220,CAN
009FPD-E,179738,ENERGY RECOVERY INC,333248,USA
009HC4-E,178539,RETAIL OPPORTUNITY INVTS CP,531120,USA
009HPL-E,179216,BROOKFIELD INFRS PTRS LP,2211,BMU
009JTN-E,179077,FORESTAR GROUP INC,237210,USA
009JV7-E,146140,PIEDMONT OFFICE REALTY TRUST,531120,USA
009KJP-E,178371,KESTREL GROUP LTD,524130,BMU
009KMF-E,183945,CORMEDIX INC,325412,USA
009KX0-E,179437,AMERICAN WATER WORKS CO INC,221310,USA
009L9L-E,177966,ALLISON TRANSMISSION HLDGS,336350,USA
009LH3-E,183902,ELLINGTON FINANCIAL INC,525990,USA
009MK6-E,184545,TROOPS INC,999977,HKG
009P9L-E,178750,AIFU INC,524210,CHN
009Q57-E,178997,FRANCO-NEVADA CORP,523910,CAN
009QLL-E,178877,NAVIOS MARITIME PARTNERS LP,483111,GRC
009QXF-E,174428,INFUSYSTEM HOLDINGS INC,532283,USA
009RJM-E,179202,ECHOSTAR CORP,517410,USA
009S4H-E,181794,BIOSTAR PHARMACEUTICALS INC,325412,CHN
009TMY-E,179087,TEEKAY TANKERS LTD,483111,BMU
009TMZ-E,177487,VANTAGE DRILLING CO,213111,USA
009TYV-E,184287,SLR INVESTMENT CORP,523999,USA
009VVH-E,183139,ACCESS NEWSWIRE INC,518210,USA
009X9C-E,179819,QUANEX BUILDING PRODUCTS,332321,USA
009ZKJ-E,179889,AGNC INVESTMENT CORP,525990,USA
00B0YN-E,186139,CVR PARTNERS LP,3253,USA
00B1TN-E,196269,FORTRESS BIOTECH INC,325414,USA
00B48P-E,180081,SPROTT INC,523940,CAN
00B60N-E,180466,JBT MAREL CORP,333241,USA
00B6K8-E,171155,CLEARSIGN TECHNOLOGIES CORP,334513,USA
00B72K-E,186169,GLOBAL WATER RESOURCES INC,221310,USA
00B72L-E,180083,GRAND CANYON EDUCATION INC,611310,USA
00B740-E,180423,LENDINGTREE INC,522310,USA
00B76Z-E,180177,PANSOFT COMPANY LIMITED,511210,CHN
00B7GK-E,180112,SAFE BULKERS INC,483111,MCO
00B8LH-E,180178,BRITANNIA BULK HOLDINGS INC,483111,GBR
00B8SY-E,180183,HOME BANCORP INC,522180,USA
00B8Z7-E,180822,MASTECH DIGITAL INC,561311,USA
00B970-E,180958,FIRST SAVINGS FINANCIAL GP,522110,USA
00B97R-E,180228,INVESCO MORTGAGE CAPITAL INC,525990,USA
00BB72-E,289153,OKYO PHARMA LIMITED,325414,GBR
00BBPD-E,180464,LITHIUM ARGENTINA AG,2123,CHE
00BDWZ-E,180652,VERISK ANALYTICS INC,541611,USA
00BFKV-E,185881,BOOZ ALLEN HAMILTON HLDG CP,541519,USA
00BG41-E,186834,GRACE THERAPEUTICS INC,325411,USA
00BG5W-E,182023,ONCOSEC MEDICAL INC,325414,USA
00BJ6Z-E,182172,GOLDEN MATRIX GROUP INC,713290,USA
00BKPF-E,297443,HUB CYBER SECURITY (ISRAEL),54151,ISR
00BKSK-E,178403,SEANERGY MARITIME HOLDINGS C,483111,GRC
00BL9Q-E,183247,TERRITORIAL BANCORP INC,522180,USA
00BL9Z-E,186904,CLEANSPARK INC,518210,USA
00BLBC-E,181820,FS BANCORP INC,522180,USA
00BLTG-E,183269,VIVAKOR INC,424710,USA
00BM53-E,297434,ALARUM TECHNOLOGIES LTD,513210,ISR
00BR8H-E,182701,OFFICE PROPERTIES INCOME TR,531120,USA
00BYPK-E,183101,MYREXIS INC,325414,USA
00BYZ0-E,182827,TRI-TECH HOLDING INC,541512,CHN
00C10V-E,183312,ALTISOURCE PORTFOLIO SOLTNS,531320,LUX
00C12B-E,183565,IDW MEDIA HOLDINGS INC,511120,USA
00C1CV-E,186041,ISOFTSTONE HOLDINGS LIMITED,541519,CHN
00C1LP-E,183324,PENNYMAC MORTGAGE INVEST TR,525990,USA
00C249-E,183388,STARWOOD PROPERTY TRUST INC,525990,USA
00C2KV-E,183108,WESTERN ASSET MTG CAPITAL CP,525990,USA
00C3ML-E,183337,GLOBAL CORD BLOOD CORP,621991,HKG
00C3T6-E,183606,APOLLO COMMERCIAL RE FIN INC,525990,USA
00C5S9-E,183526,ANDATEE CHINA MARINE FUEL,424710,CHN
00C5YS-E,143357,ACCENTURE PLC,541611,IRL
00C72Y-E,293070,BURFORD CAPITAL LIMITED,522299,GGY
00C7R7-E,183830,PEBBLEBROOK HOTEL TRUST,531120,USA
00C87B-E,183736,GENERAC HOLDINGS INC,335312,USA
00C89N-E,183739,INTELLIPHARMACEUTICS INTL,325412,CAN
00C8VF-E,190963,NATIONAL BANK HLDGS CORP,522110,USA
00C8W1-E,184688,CHATHAM LODGING TRUST,531120,USA
00C92Q-E,183833,TERRENO REALTY CORP,531120,USA
00C93F-E,184585,XMAX INC,33712,USA
00C9PD-E,184689,GOLUB CAPITAL BDC INC,523910,USA
00CC61-E,157875,VILLAGE FARMS INTL INC,111219,USA
00CCPX-E,184155,DAQO NEW ENERGY CORP,334413,CHN
00CF97-E,185018,HUDSON PACIFIC PPTYS INC,531120,USA
00CFC7-E,184352,SCORPIO TANKERS INC,483111,MCO
00CGH4-E,184453,H WORLD GROUP LIMITED,721110,CHN
00CH5W-E,184527,BIQI INTL HLDGS CORP,112210,CHN
00CHB4-E,185821,HORIZON TECHNOLOGY FINANCE,523910,USA
00CHM2-E,170920,ASPEN GROUP INC,611310,USA
00CHS1-E,185659,ATOSSA THERAPEUTICS INC,325414,USA
00CJBZ-E,186360,THERMON GROUP HOLDINGS INC,335999,USA
00CJCN-E,185156,CLEARBRIDGE MLP AND MDS FUND,525990,USA
00CJHV-E,186197,PERFORMANCE SHIPPING INC,483111,GRC
00CJL5-E,294524,LYONDELLBASELL INDUSTRIES NV,325211,USA
00CKRL-E,186279,PHENIXFIN CORP,523910,USA
00CLTZ-E,185618,SABRA HEALTH CARE REIT INC,531120,USA
00CM2Q-E,187122,LIVEONE INC,516210,USA
00CNLG-E,186289,OXFORD LANE CAPITAL CORP,525990,USA
00CNZ0-E,185195,VERA BRADLEY INC,316990,USA
00CPBD-E,185565,GUGGENHEIM TAXABLE MUN TRUST,525990,USA
00CPY0-E,185585,NEW MOUNTAIN FINANCE CORP,523910,USA
00CQ65-E,185339,STAG INDUSTRIAL INC,531120,USA
00CQG6-E,170730,VIVOSIM LABS INC,325414,USA
00CQPN-E,185396,SUMMIT HOTEL PROPERTIES INC,531120,USA
00CR6X-E,185431,LIZHAN ENVIRONMENTAL CORP,314999,CHN
00CS3F-E,111974,TOWNSQUARE MEDIA INC,516110,USA
00CSLX-E,185549,AMERICAN ASSETS TRUST INC,531120,USA
00CSVL-E,185569,OCONEE FEDERAL FINANCIAL CP,522180,USA
00CTBZ-E,186109,CONTANGO ORE INC,212220,USA
00CTC9-E,185733,TAL EDUCATION GROUP,611691,CHN
00CVF4-E,185770,COSTAMARE INC,483111,MCO
00CVGF-E,185783,NOAH HOLDINGS LIMITED,523940,CHN
00CVYG-E,186893,PENNANTPARK FLOATING RT CAP,523910,USA
00CWTS-E,185929,BONA FILM GROUP LIMITED,512120,CHN
00CWWH-E,185938,LENTUO INTERNATIONAL -ADR,4411,CHN
00CYV6-E,186180,VOC ENERGY TRUST,2111,USA
00CZNH-E,170775,GARRISON CAPITAL INC,523910,USA
00CZPV-E,170396,CUSTOMERS BANCORP INC,522110,USA
00CZRM-E,186276,KOSMOS ENERGY LTD,211120,USA
00D0NV-E,186363,RLJ LODGING TRUST,531120,USA
00D267-E,187483,FIDUS INVESTMENT CORP,523910,USA
00D2FG-E,186671,AG MORTGAGE INVESTMENT TRUST,525990,USA
00D2WR-E,156578,ARQ INC,325998,USA
00D30M-E,187596,IF BANCORP INC,522180,USA
00D333-E,187406,AMC NETWORKS INC,516120,USA
00D3K4-E,186785,ARCOS DORADOS HOLDINGS INC,722511,URY
00D404-E,170430,SILO PHARMA INC,325414,USA
00D48N-E,186876,VNET GROUP INC,518210,CHN
00D4QJ-E,186960,CHEFS' WAREHOUSE INC,4244,USA
00D5TC-E,132525,UTSTARCOM HOLDINGS CORP,334220,CHN
00D5XY-E,187148,ORCHID ISLAND CAPITAL INC,525990,USA
00D7ML-E,187650,PERPETUA RESOURCES CORP,212220,USA
00D968-E,191255,MARRIOTT VACATIONS WORLDWIDE,721110,USA
00DDLX-E,187961,VITAL ENGY INC,2111,USA
00DDR5-E,190590,GENIE ENERGY LTD,221,USA
00DFBD-E,111873,RH,449110,USA
00DFJR-E,189516,ARES COMMERCIAL REAL ESTATE,525990,USA
00DFJY-E,189517,ENOVA INTERNATIONAL INC,522291,USA
00DG10-E,170527,POST HOLDINGS INC,311999,USA
00DJR2-E,196159,PBF ENERGY INC,324110,USA
00DK1Y-E,170765,TECNOGLASS INC,332321,COL
00DL81-E,198058,CAPRI HOLDINGS LTD,315,GBR
00DN0Z-E,170384,GOGO INC,517810,USA
00DNFW-E,170419,HOMETRUST BANCSHARES INC,522110,USA
00DNWZ-E,171212,PACIFIC COAST OIL TRUST,2111,USA
00DR0F-E,170714,EMPIRE STATE REALTY TR INC,531120,USA
00DR44-E,170750,DIAMONDBACK ENERGY INC,2111,USA
00DRJ8-E,170761,VIPSHOP HOLDINGS LTD,458110,CHN
00DV7R-E,179234,SOUND FINANCIAL BANCORP INC,522110,USA
00DVXH-E,171045,JX LUXVENTURE GROUP INC,4251,CHN
00DVZ9-E,171049,BLOOMIN' BRANDS INC,722511,USA
00F8B5-E,201140,AMBEV SA,312120,BRA
00F8G5-E,155458,GRANITE REAL ESTATE INVEST,531120,CAN
00F8JT-E,186392,UNITED PARKS & RESORTS INC,713110,USA
00FKBX-E,316056,ALLEGION PLC,332510,IRL
00FV9L-E,315318,ELEMENT SOLUTIONS INC,325998,USA
00G066-E,274775,LOMBARD MEDICAL TECH PLC,339112,GBR
00G7QL-E,144496,UBS GROUP AG,523940,CHE
00GB72-E,187039,ZILLOW GROUP INC,519290,USA
00GBCG-E,164471,RESTAURANT BRANDS INTL INC,722513,USA
00GJZ6-E,126036,PARAMOUNT GOLD NEVADA CORP,212220,USA
05DZG9-E,133104,KT CORPORATION,517111,KOR
05DZHH-E,105089,CEMEX S A B DE C V,327310,MEX
05DZJ4-E,125378,PARTNER COMMUNICATIONS CO,517312,ISR
05FGM6-E,101310,NOVARTIS AG,325412,CHE
05FTLN-E,206956,PCCW LTD,517311,HKG
05HDZK-E,103487,SAP SE,513210,DEU
05HRVT-E,232623,EVOTEC SE,541714,DEU
05HWBL-E,100718,TAKEDA PHARMACEUTICAL CO LTD,325412,JPN
05HWBN-E,248136,MIZUHO FINANCIAL GROUP INC,522110,JPN
05HWBZ-E,241159,CHUNGHWA TELECOM LTD,517111,TWN
05HWDM-E,100465,SASOL LTD,325998,ZAF
05HWHN-E,214526,MAGYAR TELEKOM,517112,HUN
05HWJK-E,201792,AXIA ENERGIA,2211,BRA
05HWPD-E,200856,COMPANIA DE MINAS BUENAVENTU,212220,PER
05HWQR-E,241366,BANCO DE CHILE,522110,CHL
05HWZ0-E,223547,MAHANAGAR TELEPHONE NIGAM,517110,IND
05HX17-E,126596,I-CABLE COMMUNICATIONS LTD,515210,HKG
05HX85-E,205874,COMPANHIA DE SANEAMENTO,221310,BRA
05HXL2-E,206468,PUBLIC JOINT STOCK COMPANY R,517311,RUS
05HZLD-E,200480,MANCHESTER UNITED PLC,711211,GBR
05HZQR-E,245207,GENMAB AS,325414,DNK
05HZXN-E,140045,GRUPO AEROPORTUARIO SURESTE,488119,MEX
05J06N-E,249158,GOLAR LNG LTD,483111,BMU
05J06R-E,208079,SIMS LTD,331492,AUS
05J0LG-E,205876,ALMACENES EXITO SA,455219,COL
05J212-E,247881,GW PHARMACEUTICALS LIMITED,325414,GBR
05J2RK-E,124617,ULTRAPAR PARTICIPACOES SA,424720,BRA
05J2TQ-E,204203,CEMENTOS PACASMAYO SAA,327310,PER
05J3XQ-E,231016,MORPHOSYS AG,325414,DEU
05J45G-E,147312,BCB BANCORP INC,522110,USA
05J4QL-E,134267,Q BEYOND AG,518210,DEU
05J50J-E,241335,XTL BIOPHARMACEUTICALS,325414,ISR
05JBVG-E,211559,OPTHEA LTD,325414,AUS
05JCHT-E,244641,ITURAN LOCATION & CONTROL,517810,ISR
05JHJG-E,207257,SILENCE THERAPEUTICS PLC,325414,GBR
05JLNR-E,253523,IMMUTEP LTD,325414,AUS
05JLW8-E,111629,CREXENDO INC,519290,USA
05JLY2-E,211732,BANCO MACRO SA,522110,ARG
05JRMB-E,122916,REGENETP INC,325414,USA
05JXNX-E,212296,BARAN GROUP LTD,541330,ISR
05JYC8-E,249507,ALTERITY THERAPEUTICS LTD,325414,AUS
05JYQC-E,157865,LITE STRATEGY INC,325412,USA
05K082-E,140938,VILLAGE BANK AND TRUST FINL,522110,USA
05K2G8-E,254338,CHINA TELECOM CORP LTD,517111,CHN
05K4Z6-E,237820,AENZA SAA ADR,237,PER
05KG8B-E,105616,BLUE RIDGE BANKSHARES INC,522110,USA
05KGD9-E,116895,XENONICS HOLDINGS INC,335129,USA
05KH7Y-E,120318,TOWNEBANK,522110,USA
05KHTB-E,116675,ORANGE COUNTY BANCORP INC,522110,USA
05KMK2-E,176237,AFFYMAX INC,999990,USA
05KMSS-E,260751,BANK OF NT BUTTERFIELD & SON,522110,BMU
05KQF0-E,264387,ANGIODYNAMICS INC,339112,USA
05KS47-E,163036,BUILDERS FIRSTSOURCE,321992,USA
05KVQ5-E,274536,COSAN SA,424720,BRA
05L24K-E,174310,KBR INC,54151,USA
05L3DD-E,268208,LUXFER HOLDINGS PLC,331318,USA
05L8HP-E,264193,SCHNEIDER NATIONAL INC,484,USA
05L9QP-E,183974,SPS COMMERCE INC,519290,USA
05LC5Y-E,176766,TFS FINANCIAL CORP,522180,USA
05LFQ4-E,161853,KEARNY FINANCIAL CORP,522180,USA
05LHZ7-E,163668,LINCOLN EDUCATIONAL SERVICES,611,USA
05LJB4-E,267059,LOMA NEGRA C.I.A.S.A.,327310,ARG
05LJBY-E,175900,SALLY BEAUTY HOLDINGS INC,456120,USA
05LLMQ-E,178081,MERCADOLIBRE INC,455219,URY
05LM8V-E,187236,MIDLAND STATES BANCORP INC,522110,USA
05M0BF-E,156155,TD SYNNEX CORP,423430,USA
05MBY3-E,160893,ENERSYS,335910,USA
05MDRV-E,179534,VISA INC,522320,USA
05MFDM-E,176092,AERCAP HOLDINGS NV,532411,IRL
05MHNR-E,162354,DOLBY LABORATORIES INC,533110,USA
05MK3T-E,161942,BANKFINANCIAL CORP,522110,USA
05MKTS-E,160598,BEACON ROOFING SUPPLY INC,423330,USA
05MM8W-E,185836,PACIRA BIOSCIENCES INC,325412,USA
05MQRP-E,147988,AECOM,541330,USA
05MRN1-E,153895,OPTIMUMBANK HOLDINGS INC,522110,USA
05MT1B-E,185128,AMERESCO INC,237130,USA
05MWWH-E,174637,ICF INTERNATIONAL INC,541611,USA
05MYC2-E,162076,ARC DOCUMENT SOLUTIONS INC,561499,USA
05N8QK-E,150764,TFI INTERNATIONAL INC,484122,CAN
05N8YV-E,166385,GRUPO AEROPORTUARIO DEL PACI,488119,MEX
05NSLM-E,285313,BANCO SANTANDER BRASIL  -ADR,522110,BRA
05P3C5-E,176035,NETLIST INC,334413,USA
05PDXG-E,164116,OMEGA FLEX INC,332912,USA
05Q260-E,165785,AMERICAN CARESOURCE HLDGS,621491,USA
05RF76-E,162988,ZUMIEZ INC,458110,USA
05RT53-E,163118,WARNER MUSIC GROUP CORP,512250,USA
05S8PL-E,162385,WEX INC,522320,USA
05SGVH-E,178799,ARYX THERAPEUTICS INC,325412,USA
05SJ7P-E,264265,ALNYLAM PHARMACEUTICALS INC,325414,USA
05SK38-E,158354,GENWORTH FINANCIAL INC,524113,USA
05SK9R-E,160381,CENCOSUD SA,445110,CHL
05SKYH-E,270281,MECHEL PAO,331110,RUS
05SL73-E,180229,MISTRAS GROUP INC,541330,USA
05SRPB-E,232135,PHARMING GROUP NV,325414,NLD
05SVG4-E,162887,DEXCOM INC,334510,USA
05SXC5-E,150257,SINOVAC BIOTECH LTD,325414,CHN
05TGZC-E,174077,COMMVAULT SYSTEMS INC,518210,USA
05TJPZ-E,253527,EYEPOINT PHARMACEUTICALS INC,325414,USA
05TNM0-E,158587,BANCORP INC,522110,USA
05TTSB-E,177780,COMSCORE INC,541613,USA
05TYNB-E,160373,MORNINGSTAR INC,523999,USA
05VD02-E,158741,SEMICONDUCTOR MFG INTL CORP,334413,CHN
05W0HP-E,267054,EMPRESA DISTRIBUIDORA Y COM,2211,ARG
05W0XT-E,271342,CMB TECH NV,483111,BEL
05WBHF-E,179843,INTREPID POTASH INC,212390,USA
05WR82-E,160621,SFL CORP LTD,483111,BMU
05WWDD-E,160739,LG DISPLAY CO LTD,334419,KOR
05X0X5-E,175533,INFINITY PHARMACEUTICALS INC,325412,USA
05X3H7-E,199356,TRIPADVISOR INC,519290,USA
05X6RM-E,162408,THE9 LTD -ADR,518210,CHN
05XB1R-E,164633,HOME BANCSHARES INC,522110,USA
05XB24-E,157955,ASSURED GUARANTY LTD,524126,BMU
05XB25-E,266257,MIDCAP FINANCIAL INVSMT CORP,523910,USA
05XCS7-E,160668,INNOVIVA INC,325414,USA
05YVV5-E,164532,BAIDU INC,519290,CHN
05ZCZ0-E,279170,PEPPER FOOD SERVICE CO LTD,722511,JPN
05ZD59-E,155387,CARDIFF ONCOLOGY INC,325414,USA
05ZKN9-E,101475,AIR FRANCE KLM SA,481111,FRA
05ZL54-E,160233,PROSPECT CAPITAL CORP,523910,USA
05ZL60-E,160423,BANKWELL FINANCIAL GROUP INC,522110,USA
05ZMS9-E,184748,QUAD/GRAPHICS INC,323111,USA
05ZYMQ-E,200512,SUZANO SA,32212,BRA
0603SN-E,165266,PROMIS NEUROSCIENCES INC,325414,CAN
060KMJ-E,158743,B&G FOODS INC,311,USA
060T29-E,163113,KOPPERS HOLDINGS INC,325194,USA
060W5N-E,145046,ELEVANCE HEALTH INC,524114,USA
060ZXV-E,176670,ACCURAY INC,334510,USA
0612T2-E,105861,WHEATON PRECIOUS METALS CORP,212221,CAN
061523-E,164660,CLEAR CHANNEL OUTDOOR HLDGS,541850,USA
0615S6-E,107781,HUDBAY MINERALS INC,212230,CAN
06162X-E,163058,VIQ SOLUTIONS INC,5415,CAN
0618FD-E,162233,DIGITAL ALLY INC,334310,USA
061F6G-E,177376,DISCOVER FINANCIAL SVCS,522210,USA
061SW6-E,162401,HUNTSMAN CORP,3251,USA
061WXY-E,252940,MITSUBISHI UFJ FINANCIAL GRP,522110,JPN
061Y0M-E,247374,IMMURON LTD,325414,AUS
061ZCH-E,315629,CHIPMOS TECHNOLOGIES INC,334418,TWN
062210-E,282363,BIOFRONTERA AG,325412,DEU
0624N6-E,160961,GENERAL STEEL HOLDINGS INC,423510,CHN
0629PV-E,164555,NEXITY FINANCIAL CORP,522110,USA
062C33-E,160541,HERCULES CAPITAL INC,523910,USA
062DTY-E,166593,SYNCHRONOSS TECHNOLOGIES,518210,USA
062JKT-E,162146,CRYOPORT INC,339113,USA
062MW6-E,163595,ALTO INGREDIENTS INC,325193,USA
062R1V-E,178806,LL FLOORING HOLDINGS INC,444110,USA
062X6L-E,281420,INNATE PHARMA SA,325414,FRA
0634Y0-E,190455,GUIDEWIRE SOFTWARE INC,513210,USA
0638G0-E,179583,FABRINET,3344,CYM
0639G8-E,179132,ORION GROUP HOLDINGS INC,237990,USA
063CBM-E,187959,BRIGHTCOVE INC,518210,USA
063G1Z-E,327564,CALLIDITAS THERAPE,325412,SWE
063H4F-E,295917,ZEALAND PHARMA AS,325414,DNK
063HCZ-E,176652,CELLCOM ISRAEL LTD,517112,ISR
063J3K-E,282608,CELLECTIS SA,325414,FRA
063MFY-E,177227,INSULET CORP,334510,USA
063QGV-E,293754,AEVI GENOMIC MEDICINE INC,325414,USA
063VBF-E,183377,FORTINET INC,513210,USA
063VNM-E,183903,CALIX INC,334210,USA
063XB3-E,160592,SYNTHESIS ENERGY SYSTEMS INC,533110,USA
063Y5D-E,176523,NATIONAL CINEMEDIA INC,541850,USA
06436V-E,284699,ADDEX THERAPEUTICS LTD,325412,CHE
0643X2-E,176022,EMERGENT BIOSOLUTIONS INC,325414,USA
0649LY-E,287882,ECOPETROL SA,324110,COL
064DQV-E,184263,QUINSTREET INC,5418,USA
064Q58-E,187164,HOMESTREET INC,522110,USA
064WW9-E,178310,TERADATA CORP,518210,USA
0652ND-E,178797,AMERICAN PUBLIC EDUCATION,611310,USA
0656DF-E,185229,BWX TECHNOLOGIES INC,333248,USA
0658GX-E,284353,GENFIT SA,325414,FRA
065BWQ-E,270705,HIMAX TECHNOLOGIES INC,334413,TWN
065WQS-E,160997,NANOVIRICIDES INC,325414,USA
0664GV-E,254096,PLUS THERAPEUTICS INC,325414,USA
0664S8-E,185550,FANG HOLDINGS LTD,519290,CHN
066M40-E,164506,ACCO BRANDS CORP,339999,USA
066NPD-E,176152,GRUPO AEROPORTUARIO DEL CENT,488111,MEX
066SP2-E,213297,MASISA S.A.,321219,CHL
066XJG-E,162127,CONSOLIDATED COMM HLDGS INC,517311,USA
0670SZ-E,271607,MESOBLAST LTD,325414,AUS
0671L0-E,111492,PANACOS PHARMACEUTICALS INC,325414,USA
06733G-E,156095,PUDA COAL INC,212111,CHN
06773B-E,164708,AMERIPRISE FINANCIAL INC,523940,USA
067DXX-E,165052,UNDER ARMOUR INC,315,USA
067G30-E,287562,INTERCURE LTD,325412,ISR
067H2J-E,185319,MAKEMYTRIP LTD,561510,IND
067JKW-E,165649,ENERGY TRANSFER LP,486210,USA
067V99-E,148349,TRANSDIGM GROUP INC,336413,USA
068SR5-E,126136,CHARTER COMMUNICATIONS INC,516210,USA
068T0P-E,174729,TRAVEL PLUS LEISURE CO,531390,USA
068T1Q-E,165740,PIXELPLUS CO LTD,334413,KOR
06983H-E,177943,DHI GROUP INC,518210,USA
069DRM-E,165557,BIRKS GROUP INC,448310,CAN
06B3CZ-E,178015,LULULEMON ATHLETICA INC,315,CAN
06B5W8-E,165728,EVER-GLORY INTL GROUP INC,315,CHN
06C8FT-E,186159,SUPERNUS PHARMACEUTICALS INC,325412,USA
06CPW7-E,165927,TERNIUM S A,331110,LUX
06CSKX-E,110566,INNOSPEC INC,325180,USA
06CVZ2-E,165993,FIDELITY NATIONAL INFO SVCS,518210,USA
06CZBP-E,179249,BROADWIND INC,333611,USA
06D8MS-E,165678,COPA HOLDINGS SA,481111,PAN
06F4SC-E,162293,FIRST INTERNET BANCORP,522110,USA
06F5Z6-E,160809,BIO GREEN MED SOLUTION INC,325414,MYS
06F7XT-E,176593,CARPARTS COM INC,441330,USA
06FDJ7-E,286433,VIVESTO AB,325414,SWE
06FFPZ-E,170450,ORAMED PHARMACEUTICALS INC,325414,USA
06FJFJ-E,212950,PAMPA ENERGIA SA,2211,ARG
06FLXG-E,184470,CRICUT INC,333248,USA
06FPN7-E,155894,OMNIQ CORP,54151,USA
06FS8C-E,144135,LAWSON SOFTWARE INC,511210,USA
06G00T-E,112572,FARMERS & MERCHANTS BCP/OH,522110,USA
06G4ZP-E,116924,ASCENDIA BRANDS INC,325620,USA
06GC6D-E,176021,ALLOT LTD,513210,ISR
06GD1S-E,176602,ENSTAR GROUP LIMITED,524130,BMU
06GFD5-E,165123,LEIDOS HOLDINGS INC,541512,USA
06GPGV-E,144998,XPO INC,484122,USA
06GSPR-E,213288,EMBRAER SA,336411,BRA
06GTNR-E,108319,CAMBER ENERGY INC,335312,USA
06HDPR-E,124634,AOXING PHARMACEUTICAL CO INC,325412,CHN
06HGDK-E,277323,ZIM INTEGRATED SHIPPING SERV,483111,ISR
06HQZB-E,150481,SAIA INC,484122,USA
06HXY9-E,133767,KRISPY KREME INC,722515,USA
06J02W-E,163965,CYTOSORBENTS CORP,339112,USA
06JNND-E,284745,IDEX BIOMETRICS ASA,33441,NOR
06JP5R-E,178507,MSCI INC,523940,USA
06JRZ2-E,176572,AVIAT NETWORKS INC,334220,USA
06K67C-E,176238,CAL DIVE INTERNATIONAL INC,213112,USA
06K82N-E,187697,EPAM SYSTEMS INC,541519,USA
06K9ZM-E,284453,VERONA PHARMA PLC,325412,GBR
06KR1W-E,140982,LIGHTBRIDGE CORP,325180,USA
06KXGS-E,164648,NEW ORIENTAL ENERGY & CHEM,325311,CHN
06KYVP-E,177108,CINEMARK HOLDINGS INC,512131,USA
06L6Q9-E,105394,PAYSIGN INC,522320,USA
06L6SP-E,186996,MOATABLE INC,518210,USA
06L8G6-E,183283,ADDUS HOMECARE CORP,621610,USA
06L9Y7-E,287462,FUTUREFUEL CORP,325199,USA
06LBVF-E,108297,LUNDIN MINING CORP,212230,CAN
06LBVP-E,160798,LOCAL CORP,519130,USA
06LK0R-E,165264,FIDELITY NATIONAL FINANCIAL,524127,USA
06LT8W-E,287111,KAMADA LTD,325414,ISR
06LTWP-E,108768,FIRST MAJESTIC SILVER CORP,212220,CAN
06M8M5-E,187253,REGIONAL MANAGEMENT CORP,522291,USA
06NCK0-E,166447,ANAVEX LIFE SCIENCES CORP,325414,USA
06NMQ5-E,187775,CHUY'S HOLDINGS INC,722511,USA
06NQMV-E,178443,CHINA CGAME INC,511210,CHN
06NRSX-E,185824,BANKUNITED INC,522110,USA
06NSPK-E,175342,TAOPING INC,541512,CHN
06NXTS-E,282715,BIOLINERX LTD,325414,ISR
06P1VS-E,179058,ORION ENERGY SYSTEMS INC,335132,USA
06PJR5-E,145407,SMART POWERR CORP,335999,CHN
06PNJ3-E,186773,SUNCOKE ENERGY INC,324199,USA
06PTCP-E,109930,WUHAN GENERAL GROUP INC,325412,CAN
06Q4HD-E,176256,BCP INVESTMENT CORP,523910,USA
06Q8L8-E,177009,FIRST BANK,522110,USA
06Q9HM-E,183581,OPENLANE INC,561990,USA
06Q9S5-E,142337,NORTHERN OIL & GAS INC,211120,USA
06QJY3-E,174022,ANYWHERE REAL ESTATE INC,531210,USA
06R3LR-E,152109,BIMI INTERNATIONAL MEDCL INC,424210,USA
06R9VT-E,288586,FLEX LNG LTD,483111,BMU
06RB14-E,177303,NORANDA ALUMINUM HOLDING CP,331313,USA
06RM0H-E,179060,B2GOLD CORP,212220,CAN
06S1MZ-E,149337,NASDAQ INC,523210,USA
06S7YP-E,187575,TILLY'S INC,4581,USA
06SK88-E,177606,VIA PHARMACEUTICALS INC,325414,USA
06SN3X-E,177637,AMC ENTERTAINMENT HOLDINGS,512131,USA
06T26D-E,177088,BLACKSTONE INC,523940,USA
06T9RR-E,285174,FRONTEO INC,518210,JPN
06TKJ4-E,177426,POET TECHNOLOGIES INC,334413,CAN
06TQ48-E,285333,INTERCORP FINANCIAL SVCS INC,522110,PER
06TQ6D-E,291881,CAN FITE BIOPHARMA LTD,325414,ISR
06TQWP-E,185908,TALPHERA INC,325412,USA
06TY9P-E,166087,AIR INDUSTRIES GROUP INC,336413,USA
06V4FD-E,186858,ARAMARK,722320,USA
06V6DH-E,186275,ADECOAGRO SA,311314,LUX
06VFG3-E,184725,NXP SEMICONDUCTORS NV,334413,NLD
06W493-E,178153,NEONODE INC,334220,SWE
06W8RM-E,178774,IMRIS INC,334510,USA
06W8S9-E,170965,PERFORMANT HEALTHCARE INC,5614,USA
06WJY6-E,318525,MOLECULAR PARTNERS AG,325414,CHE
06WS8X-E,186717,360 SECURITY TECHNOLOGY INC,513210,CHN
06WVXX-E,162643,QUANTUM COMPUTING INC,33411,USA
06X5BP-E,176017,ATHERSYS INC,325414,USA
06XHF1-E,183666,FIEE INC,334210,HKG
06XKM6-E,126056,KRATOS DEFENSE & SECURITY,541512,USA
06XR60-E,176636,HARROW INC,325412,USA
06XSN0-E,178291,LIXTE BIOTECHNOLOGY HOLDINGS,325414,USA
06XYF4-E,285229,VGI HEALTH TECHNOLOGY LIMITE,517210,AUS
06Y3ZW-E,179288,DALLASNEWS CORP,513110,USA
06YHX4-E,177838,XCORPOREAL INC,999990,USA
06YW6G-E,178796,YUEDA DIGITAL HOLDING,541850,CHN
06YXVC-E,290341,IONEER LTD,2122,AUS
06Z11Q-E,186990,FIRSTHAND TECHNOLOGY VALU FD,523910,USA
06Z15K-E,122175,VIRNETX HOLDING CORP,513210,USA
070CS9-E,184323,EXPRESS INC,4581,USA
0719D4-E,163924,JAMES RIVER GROUP HLDGS INC,524126,USA
071X8W-E,155280,AIR TRANSPORT SERVICES GROUP,481112,USA
07224B-E,185685,MECOX LANE LTD,561422,CHN
0726TN-E,179300,ATA CREATIVITY GLOBAL -ADS,611699,CHN
072GBK-E,176867,IT TECH PACKAGING INC,322120,CHN
072GKL-E,179621,PHILIP MORRIS INTERNATIONAL,312230,USA
072SJ7-E,144383,CHINA MARINE FOOD GROUP LTD,311710,CHN
0735K2-E,187450,ENPHASE ENERGY INC,334413,USA
0736TJ-E,187363,GROUPON INC,455219,USA
073CJ0-E,313966,NANOBIOTIX SA,325414,FRA
074X5Q-E,283006,ITAMAR MEDICAL LTD,334510,ISR
07512M-E,126020,INTELLICHECK INC,518210,USA
07516L-E,179657,HILLENBRAND INC,3339,USA
075NPR-E,178157,MIMEDX GROUP INC,325414,USA
075RXX-E,114959,YUHE INTERNATIONAL INC,1123,CHN
0764HX-E,296810,ICECURE MEDICAL LTD,334510,ISR
07708P-E,292284,SCISPARC LTD,325414,ISR
07784G-E,177659,RINO INTERNATIONAL CORP,333413,CHN
077GJK-E,177734,ZETA NETWORK GROUP,518210,CHN
0789KJ-E,183366,HYATT HOTELS CORP,721110,USA
078D0D-E,183704,VERTEX ENERGY INC,424720,USA
078GN8-E,175674,COHEN & COMPANY INC,523150,USA
078Z3R-E,174693,TONGXIN INTERNATIONAL LTD,336211,USA
079QH4-E,180401,KOLIBRI GLOBAL ENERGY INC,2111,USA
079SP6-E,184113,VUZIX CORP,333310,USA
079WRW-E,177367,NIAGEN BIOSCIENCE INC,325411,USA
079Y9S-E,170758,CAESARSTONE LTD,327991,ISR
07BBNM-E,183860,PREDICTIVE ONCOLOGY INC,339112,USA
07BG3P-E,290977,BRAINSWAY LTD,334510,ISR
07BR90-E,296697,CONTROLADORA VUELA COMPANIA,481111,MEX
07BZGX-E,187696,PROTO LABS INC,333249,USA
07C158-E,185087,AUTONAVI HLDG LTD,511210,CHN
07C28W-E,180683,IBIO INC,325414,USA
07C2L4-E,174700,GLOBAL SHIP LEASE INC,532411,GRC
07C4D6-E,174282,ENERGY SERVICES OF AMER CORP,237120,USA
07C4F0-E,175299,DOLPHIN ENTERTAINMENT INC,541820,USA
07C7NG-E,180016,MRC GLOBAL INC,423510,USA
07CBWV-E,175686,PRIMORIS SERVICES CORP,237120,USA
07F0NB-E,177465,DEER CONSUMER PRODUCTS INC,335210,CHN
07F3X3-E,315639,CELYAD ONCOLOGY SA,325414,BEL
07F401-E,179598,CELLDEX THERAPEUTICS INC,325414,USA
07FKBC-E,184182,JINKOSOLAR HOLDING CO,334413,CHN
07FNQL-E,137066,CHINA UNICOM (HONG KONG) LTD,517312,HKG
07FRQ2-E,140722,INTERNATIONAL WORKPLACE GRP,561499,CHE
07FTGG-E,178823,AMERICAN COASTAL INSURA CORP,524126,USA
07FWBG-E,181290,DIGIMARC CORP,518210,USA
07G065-E,174355,SHENGKAI INNOVATIONS INC,332911,CHN
07GFDG-E,180475,PRIMERO MINING CORP,212221,CAN
07HTTK-E,181931,CLEARWATER PAPER CORP,322130,USA
07JNPB-E,183228,ZST DIGITAL NETWORKS INC,334220,CHN
07JVWK-E,176346,PROFIRE ENERGY INC,333132,USA
07K2F9-E,179363,DATA STORAGE CORP,518210,USA
07K540-E,178304,CHINA AUTO LOGISTICS INC,423110,CHN
07KBQL-E,185370,WALKER & DUNLOP INC,522292,USA
07LS4V-E,155913,PHARMACYTE BIOTECH INC,325414,USA
07MJ09-E,183636,R1 RCM INC,561110,USA
07MTJK-E,182826,DMK PHARMACEUTICALS CORP,325412,USA
07N28Q-E,182703,CHINA GERUI ADV MATERIALS GP,331110,CHN
07N2FK-E,182986,OPTEX SYSTEMS HOLDINGS INC,333310,USA
07N3G8-E,318005,ARGENX SE,325414,NLD
07NF2M-E,178073,B. RILEY FINANCIAL INC,523110,USA
07NJDS-E,205942,BRF SA,311,BRA
07QBXL-E,183780,TWO HARBORS INVESTMENT CORP,525990,USA
07WBXH-E,184259,S&W SEED CO,111998,USA
07X89T-E,119714,ATLANTICUS HOLDINGS CORP,522210,USA
07ZRYY-E,164146,KAIVAL BRANDS INNV GROUP INC,424940,USA
0813ZM-E,345606,CADELER A/S,237990,DNK
0819JQ-E,160681,HYSTER YALE INC,333924,USA
081GCH-E,186823,STEEL PARTNERS HOLDINGS LP,999977,USA
081P81-E,185125,ELECTROMED INC,334510,USA
081TP3-E,183224,ZW DATA ACTION TECHNOLGY INC,541840,HKG
083V0Q-E,183791,CENOVUS ENERGY INC,324110,CAN
0858SK-E,183640,IRIDIUM COMMUNICATIONS INC,517410,USA
085KQY-E,183669,IMV INC,325414,CAN
087L82-E,183735,EXCEED CO LTD,315,HKG
0880K1-E,147908,SUBAYE INC,519130,CHN
0889LB-E,185138,VISHAY PRECISION GROUP INC,334413,USA
088G5Z-E,115044,ALGONQUIN POWER & UTIL CORP,2211,CAN
089DDW-E,183822,ARMOUR RESIDENTIAL REIT INC,525990,USA
089VTN-E,165286,APPTECH PAYMENTS CORP,522320,USA
08B49N-E,187165,PHOENIX NEW MEDIA LTD,519290,CHN
08BF9T-E,183932,GREEN GIANT INC,237210,CHN
08BSMS-E,178906,ANTELOPE ENTERPRISE HOLDINGS,455,USA
08DLR6-E,187462,UBIQUITI INC,334220,USA
08DNW7-E,146738,APPLIED DIGITAL CORP,513210,USA
08HCJK-E,184149,NATIONAL AMERN UNIV HLDG INC,611310,USA
08HHKT-E,184049,BLINK CHARGING CO,336320,USA
08XLXN-E,183838,GUANWEI RECYCLING CORP,423930,CHN
08XX73-E,183602,SORRENTO THERAPEUTICS INC,325414,USA
091V8V-E,187118,NEBIUS GROUP N V,518210,NLD
094YLL-E,184899,FIRST AMERICAN FINANCIAL CP,524127,USA
094YXD-E,184133,PIONEER POWER SOLUTIONS INC,335311,USA
09H0NB-E,297507,FORESIGHT AUTONOMOUS,336390,ISR
09HB7M-E,165746,LIVE NATION ENTERTAINMENT,711320,USA
09J0RJ-E,123998,SWK HOLDINGS CORP,5222,USA
09JSVK-E,184817,WOWJOINT HOLDINGS LTD,333924,CHN
09JZR3-E,184070,KINGOLD JEWELRY INC,339910,CHN
09K8GP-E,185191,LINIU TECHNOLOGY GROUP,713290,MAC
09KLW1-E,165262,DHT HOLDINGS INC,483111,BMU
09LGBK-E,325867,STRATEGIC PARTNERS A/S,325414,DNK
09LRTQ-E,140529,INNOVARO INC,541611,USA
09LVNR-E,178741,B COMMUNICATIONS LTD,517111,ISR
09MT6F-E,184465,AMPIO PHARMACEUTICALS INC,325412,USA
09N40F-E,180057,IOVANCE BIOTHERAPEUTICS INC,325414,USA
09NNL5-E,184652,ERIN ENERGY CORP,211111,USA
09Q24L-E,184604,ALPHA AND OMEGA SEMICONDUCTO,334413,USA
09Q7Z7-E,184345,BEAM GLOBAL,3359,USA
09QHM9-E,184258,DOUGLAS DYNAMICS INC,333120,USA
09QT0W-E,186278,AIR LEASE CORP,532411,USA
09R3DL-E,180562,ROADRUNNER TRANS SYSTEMS INC,541614,USA
09SW9L-E,185054,QUIPT HOME MEDICAL CORP,621999,USA
09YDML-E,184576,ENVESTNET INC,523920,USA
09YST0-E,176999,SARATOGA INVESTMENT CORP,523910,USA
09YX2K-E,292414,ENLIGHT RENEWABLE ENERGY,22111,ISR
09ZPZZ-E,171059,FORUM ENERGY TECH INC,333132,USA
0B0G82-E,181104,VERADIGM INC,518210,USA
0B0J0G-E,185952,REV GROUP INC,336211,USA
0B1HZG-E,185518,GLOBAL BROKERAGE INC,523120,USA
0B2RF6-E,183918,COLUMBIA SELIGMAN PRM TEC GR,525990,USA
0B464N-E,185587,NEXTTRIP INC,513210,USA
0B6TN5-E,194255,VERASTEM INC,325414,USA
0B9519-E,188255,FORTUNE BRANDS INNOVATNS INC,332913,USA
0BCB35-E,185323,ENSERVCO CORP,213112,USA
0BCTP0-E,186230,ATLAS FINANCIAL HOLDINGS INC,524126,USA
0BD963-E,187740,MACOM TECHNLGY SOL HLDGS INC,334413,USA
0BDGY2-E,186989,MARATHON PETROLEUM CORP,324110,USA
0BFMVL-E,185372,CLARUS CORP,339920,USA
0BFSSZ-E,186310,HUNTINGTON INGALLS IND INC,336611,USA
0BHPVB-E,186501,NGL ENERGY PARTNERS LP,424720,USA
0BKTLT-E,345980,CONTEXTLOGIC HOLDINGS INC,455110,USA
0BNW3K-E,297209,PACIFIC DRILLING SA,213111,USA
0BP9L2-E,186953,INSPIREMD INC,334510,USA
0BQN6Y-E,118941,NEXTPLAT CORP,456110,USA
0BQS10-E,186993,SURO CAPITAL CORP,523910,USA
0BSBLN-E,187169,POWER SOLUTIONS INTL INC,33361,USA
0BSDLH-E,171023,BLACKROCK TCP CAPITAL,523910,USA
0BT29H-E,162129,MOSAIC CO,3253,USA
0BTPBK-E,187357,IZEA WORLDWIDE INC,519290,USA
0BV9V0-E,187413,XUNLEI LTD  -ADS,519290,CHN
0BVJTS-E,187368,VISTAGEN THERAPEUTICS INC,325414,USA
0BYLG7-E,104432,NORWEGIAN CRUISE LINE HLDGS,483112,USA
0C089R-E,170773,ZAZA ENERGY CORP,211111,USA
0C2SDW-E,189459,CARLYLE GROUP INC,523920,USA
0C2SF1-E,136684,BROOKFIELD RENEWABLE PRTS LP,22111,CAN
0C472F-E,183322,THERAPEUTICSMD INC,325412,USA
0C4770-E,189491,XYLEM INC,333914,USA
0C4KPC-E,170945,PUMA BIOTECHNOLOGY INC,325414,USA
0C4ZMD-E,190355,AXOGEN INC,339113,USA
0C52GS-E,188355,LIQTECH INTERNATIONAL INC,333310,DNK
0C62MF-E,185083,CRUMBS BAKE SHOP INC,722515,USA
0C62QF-E,192255,ACADIA HEALTHCARE CO INC,622210,USA
0C6WL2-E,162453,AEMETIS INC,325193,USA
0C7248-E,170841,PHILLIPS 66,324110,USA
0C7ZDY-E,137611,SOHU COM LIMITED,513210,CHN
0C8VZ6-E,160874,AMERICAN EAGLE ENERGY CORP,211111,USA
0C8YLN-E,186332,GAMCO NAT RES GOLD & INCM TR,525990,USA
0C9BLT-E,313311,CORPORACION INMOBILIARIA VES,5311,MEX
0C9XLD-E,322576,JUST EAT TAKEAWAY.COM N.V.,445298,NLD
0CBRZ9-E,177287,JAZZ PHARMACEUTICALS PLC,325412,IRL
0CC5RZ-E,174360,SEVEN HILLS REALTY TRUST,525990,USA
0CCLZC-E,174169,BATTALION OIL CORP,211120,USA
0CDFTT-E,171111,TRILOGY METALS INC,212,CAN
0CDXXJ-E,285085,UNIQURE NV,325414,NLD
0CF4MG-E,170535,BARFRESH FOOD GROUP INC,311412,USA
0CF7RF-E,184077,CLEARPOINT NEURO INC,334510,USA
0CLCCP-E,208323,VEDANTA LTD,331410,IND
0CP3MG-E,185375,EVERTEC INC,518210,USA
0CR3V5-E,184742,EMERALD OIL INC,211111,USA
0CX76X-E,285556,VALNEVA SE,325414,FRA
0D7GLM-E,295786,CNH INDUSTRIAL NV,333111,GBR
0D819X-E,163610,INTERCONTINENTAL EXCHANGE,523999,USA
0D82HQ-E,315887,ENETI INC,532411,MCO
0D8K8L-E,317264,DORIAN LPG LTD,483111,USA
0DDLD3-E,117829,AURINIA PHARMACEUTICALS INC,325414,CAN
0DJQD3-E,237269,XENETIC BIOSCIENCES INC,325414,USA
0DK8PC-E,164365,WATERSTONE FINANCIAL INC,522180,USA
0DKJ68-E,258664,BANCO ITAU CHILE,522110,CHL
0DKRNG-E,317168,4D PHARMA PLC,325414,GBR
0DL6L9-E,186974,CELLECTAR BIOSCIENCES INC,325414,USA
0DL6MG-E,317637,NEXXEN INTERNATIONAL LTD,5418,ISR
0DP5GM-E,147204,COGENT COMMUNICATIONS HLDGS,517311,USA
0DQRH9-E,319919,ABIVAX SOCIETE ANONYME,325414,FRA
0DW74F-E,339950,NYXOAH S A,339112,BEL
0DYJ1L-E,339965,SNOWFLAKE INC,518210,USA
0DZ1B4-E,150477,PRA GROUP INC,522299,USA
0F06N5-E,318815,BIODEXA PHARMACEUTICALS PLC,325414,GBR
0F1CN6-E,113490,CROWN CASTLE INC,531190,USA
0FC32G-E,322985,DIVERSIFIED ENERGY CO,211130,USA
0FFTLC-E,245918,BRIGHTSTAR LOTTERY PLC,713290,GBR
0FGNMF-E,179461,AYTU BIOPHARMA INC,325414,USA
0FGRDT-E,317427,NOMAD FOODS LTD,311411,GBR
0FKN96-E,319917,PURETECH HEALTH PLC,325414,USA
0FL7NY-E,321764,MEREO BIOPHARMA GROUP PLC,325414,GBR
0FMHCN-E,322717,ADVANCED HEALTH INTELLIGENCE,511210,AUS
0FMT9S-E,123455,ALAMOS GOLD INC,212220,CAN
0FMYYY-E,258869,TRI POINTE HOMES INC,236117,USA
0FNZFT-E,185193,XTANT MEDICAL HOLDINGS INC,339113,USA
0FP70X-E,300107,NANO DIMENSION LTD,333248,USA
0FPWZZ-E,160329,ALPHABET INC,518210,USA
0FVWK3-E,320806,NOVONIX LTD,334515,AUS
0FYWQL-E,144009,WILLIS TOWERS WATSON PLC,524210,GBR
0FZZWN-E,178377,SPI ENERGY CO LTD,335999,USA
0G1LBR-E,243174,FLUTTER ENTERTAINMENT PLC,713290,USA
0G3PVL-E,333070,SEZZLE INC,522320,USA
0G4HDW-E,101973,TORM PLC,483111,GBR
0G4Z1M-E,321467,WISEKEY INTERNATIONAL HOLD,334413,CHE
0G5DTN-E,183029,READY CAPITAL CORP,525990,USA
0G8SC2-E,323476,INVENTIVA SA,325414,FRA
0G8X39-E,182902,CREATIVE MED TECH HLDG INC,325414,USA
0G96Q3-E,164724,MAINSTREET BANCSHARES INC,522110,USA
0G9D7R-E,110732,WASTE CONNECTIONS INC,562111,CAN
0G9FFQ-E,108831,WESTPORT FUEL SYSTEMS INC,336310,CAN
0G9PZT-E,324138,MOBILICOM LTD,334290,ISR
0GBS1G-E,183603,DIGITALBRIDGE GROUP INC,523940,USA
0GCFP6-E,164395,OP BANCORP,522110,USA
0GD6B2-E,140172,VERSUS SYSTEMS INC,513210,CAN
0GH7WP-E,241637,ANHEUSER-BUSCH INBEV,312120,BEL
0GHP9R-E,105892,METALLA RYLTY STRMNG LTD,2122,CAN
0GKRVD-E,121382,SBA COMMUNICATIONS CORP,531190,USA
0GL3K3-E,157373,VISTRA CORP,2211,USA
0GLZTS-E,146607,WESTERN NEW ENG BANCORP INC,522180,USA
0GMX3D-E,141178,INSEEGO CORP,334210,USA
0GNH45-E,345764,T STAMP INC,513210,USA
0GQ6F4-E,178874,ORLA MINING LTD,212220,CAN
0GQLJG-E,323308,BORR DRILLING LTD,213111,BMU
0GSWJ9-E,161023,BAYCOM CORP,522110,USA
0GT085-E,178704,ULTA BEAUTY INC,456120,USA
0GVFFQ-E,166485,REGIONAL HEALTH PROPERTS INC,623110,USA
0GWKKS-E,166563,DELEK US HOLDINGS INC,324110,USA
0GXNMD-E,324261,G MEDICAL INNOVATIONS HLDGS,621512,ISR
0H1TTD-E,271357,SUMMIT THERAPEUTICS INC,325414,USA
0H2QVK-E,259518,JANUS HENDERSON GROUP PLC,523940,GBR
0H393K-E,325211,VISTA ENERGY SAB DE CV,211120,MEX
0H55TJ-E,135965,RIBBON COMMUNICATIONS INC,541512,USA
0H9K09-E,325212,BRENMILLER ENERGY LTD,335910,ISR
0HFWF9-E,325763,IPERIONX LIMITED,212290,USA
0HGDYJ-E,325778,MYNARIC AG,334511,DEU
0HGH7H-E,183942,SENSATA TECHNOLOGES HLDG PLC,334513,USA
0HGVY5-E,325576,API GROUP CORP,238,USA
0HKMQP-E,326688,NVENT ELECTRIC PLC,3323,GBR
0HZ651-E,349994,CLEARMIND MEDICINE INC,325412,CAN
0JCLYY-E,180711,BROADCOM INC,334413,USA
0JH2SY-E,213412,ASE TECHNOLOGY HLDNG CO,334413,TWN
0JJVXQ-E,328795,ARCOSA INC,332312,USA
0JMRGY-E,112030,CUMULUS MEDIA INC,516110,USA
0JNP75-E,327675,OKEANIS ECO TANKER,483111,GRC
0JR0YB-E,179690,SOLARWINDS CORP,518210,USA
0JVJ7B-E,100243,AMCOR PLC,326112,CHE
0JW7G1-E,329141,RENALYTIX PLC,513210,GBR
0K05MK-E,338703,SAVERONE 2014 LTD,334519,ISR
0KB1GR-E,329579,BITFARMS LTD,518210,CAN
0KJ9X7-E,252819,WOORI FINANCIAL GROUP INC,522110,KOR
0KJGV6-E,107150,NIOCORP DEVELOPMENTS LTD,212230,USA
0KNZ7H-E,352262,COOL COMPANY LTD,4831,GBR
0KRRZY-E,164363,TRONOX HOLDINGS PLC,325130,USA
0KTJS0-E,331856,IMMUNIC INC,325414,USA
0KV8Z1-E,332967,ECO WAVE POWER GLOBAL AB,221118,ISR
0KXPJ6-E,332115,ARMATA PHARMACEUTICALS INC,325414,USA
0KYYGJ-E,189579,GROCERY OUTLET HLDNG CORP,445110,USA
0L0Y50-E,270509,NATURA COSMETICOS SA,325620,BRA
0L11RW-E,121759,POWERFLEET INC,518210,USA
0L8CFT-E,347085,KAROOOOO LTD,518210,SGP
0LBLQX-E,194755,AMPLIFY ENERGY CORP,211120,USA
0LKSV0-E,126423,ONTO INNOVATION INC,334513,USA
0LP625-E,164086,CIMPRESS PLC,32311,IRL
0M5DD6-E,316747,GAN LTD,518210,USA
0M7M2N-E,254381,BENITEC BIOPHARMA INC,325414,USA
0MF1D1-E,177405,HYCROFT MINING HOLDING CORP,212220,USA
0MHZQ9-E,253355,AVITA MEDICAL INC,325414,USA
0MQMLT-E,348615,NAYAX LTD,518210,ISR
0MSKD6-E,156384,GLOBAL INDEMNITY GROUP LLC,524126,USA
0MSMP3-E,345920,HYDROFARM HLDNG GP INC,333112,USA
0MTVQL-E,312066,ARKO CORP,457110,USA
0MXD1Z-E,101276,STELLANTIS NV,336111,NLD
0MY6W3-E,222638,TIM S.A.,517112,BRA
0N4RKG-E,176828,CARTER BANKSHARES INC,522110,USA
0N67X5-E,137310,MARVELL TECHNOLOGY INC,334413,USA
0N7MXB-E,121257,GREAT ELM GROUP INC,523910,USA
0NHKBD-E,347007,IMMUNITYBIO INC,325414,USA
0NKNLQ-E,137861,AIRSPAN NETWORKS HOLDINGS IN,334220,USA
0NPR6B-E,150937,SEAGATE TECHNOLOGY HOLDINGS,334112,SGP
0NSRPW-E,135484,FRONTIER COMMUNIC PARENT INC,517111,USA
0NT7B4-E,184254,APOLLO GLOBAL MGMT INC,523940,USA
0NTDG1-E,187698,CIVITAS RESOURCES INC,211120,USA
0NV1D6-E,296677,ATI PHYSICAL THERAPY INC,621340,USA
0NVBFF-E,253501,PIEDMONT LITHIUM INC,212390,USA
0NW8NK-E,331125,RENEW ENERGY GLOBAL PLC,221115,GBR
0NYW6V-E,351038,QUOIN PHARMACEUTICALS LTD,325412,USA
0NZTMJ-E,282104,DOLE PLC,31142,IRL
0P1JQJ-E,349530,NEXTPLAY TECHNOLOGIES INC,541810,USA
0P3GTQ-E,334298,PROPERTYGURU GROUP LIMITED,519290,SGP
0P3GZX-E,349972,INDAPTUS THERAPEUTICS INC,325414,USA
0PFBPW-E,206243,EXPRO GROUP HOLDINGS N V,213112,USA
0PGNXM-E,187551,TRINSEO PLC,325211,USA
0PP4YG-E,324960,5E ADVANCED MATERIALS INC,212390,USA
0Q39YC-E,353444,HALEON PLC,325412,GBR
0QJ2JT-E,273726,SEADRILL LTD,213111,BMU
0QSRK0-E,240066,TIZIANA LIFE SCIENCES LTD,325414,GBR
0RBJVW-E,180474,ZURN ELKAY WATER SOLUTI CORP,332,USA
0RDMGW-E,179741,KKR & CO INC,524113,USA
0RDZ05-E,164296,WARNER BROS DISCOVERY INC,516210,USA
0RFV75-E,127377,BGC GROUP INC,523150,USA
0S5372-E,184442,CHORD ENERGY CORP,2111,USA
0TRQB6-E,185448,ARIS MINING CORP,212220,CAN
0TSD16-E,156153,ADEIA INC,513210,USA
0V25BS-E,186553,PRAIRIE OPERATING CO,211120,USA
0VWK2V-E,144435,BUNGE GLOBAL SA,311211,USA
0W69BW-E,160549,LIBERTY GLOBAL LTD,517111,BMU
0WY28V-E,125240,TKO GROUP HOLDINGS INC,711211,USA
0X8WFH-E,185797,HOWARD HUGHES HOLDINGS INC,237210,USA
0XG1L5-E,349337,SPECTRAL AI INC,334510,USA
0Y0PX8-E,343180,T1 ENERGY INC,335910,USA
1056GG-E,162307,CALIFORNIA BANCRP,522110,USA
10J556-E,177267,TE CONNECTIVITY PLC,334417,IRL
10J7SL-E,179929,CONAVI MEDICAL CORP,334510,CAN
10WBSK-E,177111,TECHTARGET INC,5418,USA
10Z9SW-E,118122,APTIV PLC,336320,CHE
